Lang_pair	Segment_distance	Tone_distance	Unweighted_total_distance	Weight	Weighted_total_distance
Shanghai_Wulumuqi	0.8134086015850256	0.8708503224877755	1.6842589240728012	2.1687752178405266	2.6349507395836973
Shanghai_Lanzhou	0.8419243520272555	0.8112477067133215	1.653172058740577	2.2243925584480384	2.6840179701389353
Shanghai_Beijing	0.8325545026235901	0.838136176853376	1.6706906794769663	2.14499362933834	2.623960281057927
Shanghai_Nanjing	0.7849181239312918	0.662665479802875	1.447583603734167	2.0758149269309656	2.2920102378781
Shanghai_Nanning	0.896900463371188	0.7906547731636933	1.6875552365348812	1.919064759643408	2.5118648453271835
Shanghai_Nanchang	0.8097946707560364	0.5723335987836318	1.3821282695396682	1.9594270785675723	2.1590672047427213
Shanghai_Xiamen	0.8815861674636073	0.9066089255820846	1.788195093045692	1.9323081827564048	2.6101050907768713
Shanghai_Taibei	0.8336827810271563	0.868435414880851	1.7021181959080072	1.861626709190277	2.4204415470330343
Shanghai_Hefei	0.8796762078293073	0.7096491218396409	1.5893253296689482	2.072525716425291	2.5328006846933593
Shanghai_Huhehaote	0.7901797889446248	0.8601737177077579	1.6503535066523827	2.013655990779455	2.451323983508947
Shanghai_Haerbin	0.8296576047378608	0.79785846347079	1.6275160682086507	2.281508549564156	2.6907293818911384
Shanghai_Tianjin	0.8465585955500387	0.8745662132127926	1.7211248087628312	2.0329269917336403	2.595558032190588
Shanghai_Taiyuan	0.7524659369083069	0.8344804850723865	1.5869464219806932	2.0898262696373227	2.4070035670306265
Shanghai_Tunxi	0.8169290885697403	0.6901166910051209	1.5070457795748613	1.9182555963199126	2.257195486950551
Shanghai_Pingyao	0.8297714718040572	0.6351616656728951	1.4649331374769523	2.0735096389116605	2.3557008105525226
Shanghai_Guangzhou	0.8852067743149754	0.5688029343648613	1.4540097086798367	1.894282722977498	2.2456348332123603
Shanghai_Jianou	0.8683313988355328	0.8367155796040723	1.7050469784396052	1.914970409960971	2.499544514414136
Shanghai_Chengdu	0.8036360250843056	0.7807870088076959	1.5844230338920016	2.136480056737943	2.4977393492764683
Shanghai_Kunming	0.8389522984471398	0.8761120388259414	1.7150643372730812	2.0413387257170723	2.5886978546754347
Shanghai_Hangzhou	0.6819441209865723	0.4208161260300716	1.102760247016644	1.8030804773187896	1.6504162572032828
Shanghai_Taoyuan	0.909203554833586	0.9272189606318169	1.8364225154654028	2.130693153540265	2.8644527500902095
Shanghai_Meixian	0.8591385585499189	0.9197769598055475	1.7789155183554666	2.081642641525369	2.7081964182616987
Shanghai_Shexian	0.8162965861415294	0.8373000630873197	1.6535966492288492	1.8513731185273865	2.3485696194154224
Shanghai_Wuhan	0.8239490251704601	0.7625809586878463	1.5865299838583065	2.1304029535375357	2.517924395475368
Shanghai_Shantou	0.8501787475123296	0.9083375470741936	1.7585162945865231	1.886174219830644	2.511922782879856
Shanghai_Jinan	0.8302412185609862	0.8985913618680732	1.7288325804290594	2.064655567629413	2.6127535162454416
Shanghai_Haikou	0.8897220176724727	0.6443167446708249	1.5340387623432976	1.9123788642679709	2.3458023263415155
Shanghai_Wenzhou	0.6446761286853528	0.8254155267193997	1.4700916554047525	1.8486244227367472	2.017179562962521
Shanghai_Xiangtan	0.8352619703795581	0.813449695940146	1.6487116663197041	1.9800591259731988	2.4673177829685455
Shanghai_Fuzhou	0.8669875763805266	0.946498470528465	1.8134860469089915	1.8529513059979823	2.552984232466787
Shanghai_Suzhou	0.4328014464574944	0.5389546376694385	0.9717560841269329	1.9392100626723399	1.3782475577789555
Shanghai_Xining	0.8464687384498	0.7560269647627434	1.6024957032125435	2.2587551437914484	2.6679925817948873
Shanghai_Xian	0.8297454068807336	0.8240429581970465	1.65378836507778	2.078577477919183	2.548733073346228
Shanghai_Guiyang	0.8319703779243263	0.8646278412295125	1.696598219153839	2.0815075872579434	2.5963804952528564
Shanghai_Zhengzhou	0.8463098442125212	0.8484718021300525	1.6947816463425736	2.0116001500700365	2.5509088117537093
Shanghai_Yinchuan	0.7928398115510702	0.7938710792280121	1.5867108907790823	2.88328958809056	3.079857852896894
Shanghai_Changsha	0.7690065142241503	0.6714685972815996	1.44047511150575	2.0542284795941987	2.2511836797943103
Shanghai_Qingdao	0.8462569452708888	0.8186388369875188	1.6648957822584076	2.375873061127219	2.829237916048435
Shanghai_Xianggang	0.9067025676857987	0.6445991912917639	1.5513017589775626	1.9275989475199307	2.3923581064765282
Wulumuqi_Lanzhou	0.6381327019206194	0.7814038912519727	1.4195365931725923	2.431676549231225	2.333136217809902
Wulumuqi_Beijing	0.34917929888137905	0.7979257274779801	1.1471050263593592	2.331813335247454	1.612146673001936
Wulumuqi_Nanjing	0.7621427772094865	0.9193104583556501	1.6814532355651366	2.2571073913400252	2.639548554051596
Wulumuqi_Nanning	0.7639790367299276	0.7505039936516866	1.5144830303816144	2.0590625521648294	2.323584618821239
Wulumuqi_Nanchang	0.7125952407082364	0.8375473488426227	1.5501425895508592	2.1205169069156145	2.34861760455204
Wulumuqi_Xiamen	0.7335114966105988	0.7603127295712132	1.493824226181812	2.082936165793602	2.2881703538868208
Wulumuqi_Taibei	0.7610479214673096	0.7587125329452875	1.519760454412597	1.9983304951843237	2.2795378027100566
Wulumuqi_Hefei	0.7975265524658991	0.89984765258111	1.697374205047009	2.2565729661381666	2.69952451065303
Wulumuqi_Huhehaote	0.6522155060828253	0.8367747654815715	1.4889902715643968	2.1906835311654853	2.2655725334279793
Wulumuqi_Haerbin	0.3647533469933264	0.7633295498355195	1.1280828968288459	2.4910189634113133	1.6719370541636425
Wulumuqi_Tianjin	0.4149642047676339	0.9235805306708734	1.3385447354385074	2.2014206638858984	1.837091305819322
Wulumuqi_Taiyuan	0.58559121476901	0.8263947279040232	1.4119859426730332	2.2780316235725038	2.160390033634066
Wulumuqi_Tunxi	0.8309000781931717	0.8638174483970776	1.6947175265902494	2.073570534787375	2.5867473678909643
Wulumuqi_Pingyao	0.7435265004394127	0.8852044727656319	1.6287309732050446	2.265435076404757	2.569615487097554
Wulumuqi_Guangzhou	0.8017006319818119	0.7932584236971122	1.594959055678924	2.032862413469855	2.4230055053079664
Wulumuqi_Jianou	0.7530241087240249	0.8367128207172237	1.5897369294412487	2.0634792115932212	2.390562414897763
Wulumuqi_Chengdu	0.5644826030223923	0.6858069033213156	1.2502895063437078	2.3218544992785057	1.9964533749132998
Wulumuqi_Kunming	0.760742696847664	0.5948728347794474	1.3556155316271115	2.208420978319853	2.274912965601449
Wulumuqi_Hangzhou	0.8553942516734353	0.8478287520246416	1.7032230036980769	1.9414893407939897	2.5085675738250677
Wulumuqi_Taoyuan	0.8604019100294695	0.8984870827738	1.7588889928032696	2.3013694709816788	2.8785897712899464
Wulumuqi_Meixian	0.7167820532926796	0.7402186453289968	1.4570006986216764	2.2466606956367405	2.35058471179946
Wulumuqi_Shexian	0.7531587264128742	0.853500830867711	1.6066595572805853	1.9947347984506383	2.355852751200235
Wulumuqi_Wuhan	0.505877305836538	0.5399855916165989	1.0458628974531368	2.314745962400501	1.7109630427717684
Wulumuqi_Shantou	0.7929363107613466	0.7042245239164547	1.4971608346778014	2.0251845714851413	2.310066906640681
Wulumuqi_Jinan	0.5995062097083088	0.5286531523930135	1.1281593621013224	2.2356475189693255	1.8689377227340982
Wulumuqi_Haikou	0.8346886018301877	0.8787053752521345	1.713393977082322	2.054491867983005	2.5935663200103596
Wulumuqi_Wenzhou	0.7989654341158773	0.651390260730561	1.4503556948464382	1.9885961449863485	2.240209842990739
Wulumuqi_Xiangtan	0.7469839018889061	0.8308414829723524	1.5778253848612585	2.138998465904633	2.428638903168179
Wulumuqi_Fuzhou	0.8349880436471998	0.6722065962307228	1.5071946398779226	1.9909829189235244	2.3346535286376677
Wulumuqi_Suzhou	0.8733894781210384	0.6972603682148225	1.570649846335861	2.0956443072916175	2.5275740560875732
Wulumuqi_Xining	0.6423529040912808	0.5824740617566916	1.2248269658479725	2.4606992150346536	2.1631113486293363
Wulumuqi_Xian	0.49126177435871066	0.8732950872039877	1.3645568615626984	2.254240018607607	1.9807170385755737
Wulumuqi_Guiyang	0.5837481728203464	0.4227854059181488	1.0065335787384952	2.256295790696282	1.739893951079342
Wulumuqi_Zhengzhou	0.4698529781118675	0.5854602024049096	1.055313180516777	2.1753353647847753	1.607548001941102
Wulumuqi_Yinchuan	0.4412887410796275	0.708989601442812	1.1502783425224394	3.210305544187286	2.125661293518168
Wulumuqi_Changsha	0.5621957036267665	0.8486647000307165	1.410860403657483	2.227705912066481	2.1010713927384392
Wulumuqi_Qingdao	0.6542752167647923	0.645550777832439	1.2998259945972312	2.5968056034687046	2.344576326937953
Wulumuqi_Xianggang	0.7717143274366401	0.7195880404520894	1.4913023678887294	2.0701093896666842	2.3171211158189884
Lanzhou_Beijing	0.6387060608519092	0.9179469501078275	1.5566530109597365	2.398478411323558	2.4498696482426423
Lanzhou_Nanjing	0.7691547534675788	0.8536597863656712	1.62281453983325	2.319740894153514	2.637899521916978
Lanzhou_Nanning	0.8887724732972128	0.9167481081084639	1.8055205814056765	2.101928644412028	2.7848844280967997
Lanzhou_Nanchang	0.8683850654517435	0.9022686332767772	1.7706536987285206	2.1721835924846173	2.788560424409735
Lanzhou_Xiamen	0.8736011796230929	0.8716613843353531	1.745262563958446	2.12999651069707	2.7324288486733854
Lanzhou_Taibei	0.8841461636245715	0.8921450131330272	1.7762911767575988	2.038698736364234	2.6946526796757264
Lanzhou_Hefei	0.756474187198717	0.8852467154339949	1.641720902632712	2.3202651043271207	2.6404673743153997
Lanzhou_Huhehaote	0.596213670491919	0.721175294069776	1.317388964561695	2.2499906347870384	2.0626504690085987
Lanzhou_Haerbin	0.6409872050307889	0.9071257296880064	1.5481129347187954	2.571015297525522	2.555113639340293
Lanzhou_Tianjin	0.7493080383286342	0.8560193165431513	1.6053273548717857	2.2577952627288824	2.5478034558062133
Lanzhou_Taiyuan	0.6992632319893533	0.8638095602821388	1.563072792271492	2.343904486775434	2.5028157871790753
Lanzhou_Tunxi	0.8532594116743234	0.9040848528044446	1.757344264478768	2.1220263819017213	2.7147238349833005
Lanzhou_Pingyao	0.8233635422234226	0.6175768522279489	1.4409403944513715	2.3324505191246128	2.538031573715251
Lanzhou_Guangzhou	0.9151236143824127	0.8567940034960938	1.7719176178785065	2.074651974112595	2.7553570166316192
Lanzhou_Jianou	0.8278306925737381	0.8397828995932453	1.6676135921669832	2.1093404173657415	2.585959638174905
Lanzhou_Chengdu	0.7620403493883109	0.6431090356297235	1.4051493850180345	2.3876981767785495	2.4626313884958826
Lanzhou_Kunming	0.6761205194116037	0.8640121347252787	1.5401326541368823	2.264437541157954	2.3950448212281295
Lanzhou_Hangzhou	0.8247082893065222	0.8133715046366704	1.6380797939431926	1.9810257138577798	2.447139832184552
Lanzhou_Taoyuan	0.9003270277434988	0.9467551156741775	1.8470821434176763	2.3609366975072508	3.0723702352314324
Lanzhou_Meixian	0.8663730873228754	0.8973584030526655	1.763731490375541	2.3028016197178753	2.8924437518197594
Lanzhou_Shexian	0.7739297110861846	0.8099722867034503	1.583901997789635	2.0371905434017963	2.38661457538591
Lanzhou_Wuhan	0.7478569196105527	0.8521259375852553	1.599982857195808	2.3800052045483158	2.632029298515842
Lanzhou_Shantou	0.8911341608246078	0.8358390715981746	1.7269732324227824	2.06693860430012	2.6777586702171483
Lanzhou_Jinan	0.37348191671153097	0.8101350068523362	1.1836169235638672	2.2937945268741786	1.6668257832917237
Lanzhou_Haikou	0.9172885749228745	0.8397376137737873	1.7570261886966618	2.097966254262429	2.764178089382452
Lanzhou_Wenzhou	0.8700231751218453	0.8774322597144788	1.7474554348363243	2.029794618264481	2.6434006183421763
Lanzhou_Xiangtan	0.8754006483911199	0.825564237591626	1.7009648859827458	2.1903489500475444	2.742997128666055
Lanzhou_Fuzhou	0.8955772197329352	0.5563481808064996	1.4519254005394349	2.031608585343371	2.3758105492538775
Lanzhou_Suzhou	0.8144228289438271	0.8699671777157907	1.6843900066596178	2.1450412426480026	2.616937734754359
Lanzhou_Xining	0.5819552062383069	0.9093699186208843	1.4913251248591912	2.5367227803401073	2.3856289474231227
Lanzhou_Xian	0.6769502537818739	0.8862523492662338	1.5632026030481077	2.314624851859175	2.4531382301421347
Lanzhou_Guiyang	0.78032106267836	0.8589913191830835	1.6393123818614435	2.3163939616736475	2.6665223169380003
Lanzhou_Zhengzhou	0.6633401933823624	0.7450959823884554	1.408436175770818	2.2293109952800023	2.223887569106919
Lanzhou_Yinchuan	0.4387322211199883	0.26879666641396477	0.707528887533953	3.3655802396047108	1.7453851602932817
Lanzhou_Changsha	0.6803778825115836	0.8116294685727979	1.4920073510843816	2.286604297297628	2.3673844585100454
Lanzhou_Qingdao	0.43285981268890295	0.8404703144573911	1.273330127146294	2.6843611470093522	2.0024223777412278
Lanzhou_Xianggang	0.9081118654415572	0.873368155149235	1.7814800205907924	2.1140800578192156	2.793189340148238
Beijing_Nanjing	0.6621829139543931	0.7452060822693559	1.407388996223749	2.2303077528708335	2.222077769080439
Beijing_Nanning	0.7984380837958992	0.8442700099248783	1.6427080937207776	2.040652261271287	2.4736044911080937
Beijing_Nanchang	0.6914570433185938	0.7219934406502572	1.4134504839688509	2.0984304800682674	2.172967976007879
Beijing_Xiamen	0.7512642851229172	0.5804590811017103	1.3317233662246275	2.062783111955997	2.130154361068959
Beijing_Taibei	0.7675548559503705	0.7605649379246334	1.528119793875004	1.9810558027583025	2.281133939240428
Beijing_Hefei	0.7031706063522013	0.773847444052205	1.4770180504044061	2.2293538848691155	2.3414635670492565
Beijing_Huhehaote	0.7300668258043477	0.8764771008590576	1.6065439266634054	2.1653779993636846	2.4573477435210718
Beijing_Haerbin	0.1147249313613258	0.5400742275774674	0.6547991589387931	2.4567041561266287	0.8219194432641788
Beijing_Tianjin	0.28329000483071887	0.7540324922817495	1.0373224971124684	2.1772571243090177	1.3708276735449683
Beijing_Taiyuan	0.6309461348757691	0.9162496994749614	1.5471958343507306	2.2498904759329976	2.335809399158691
Beijing_Tunxi	0.805988658073274	0.7499220936335963	1.5559107517068704	2.0528798097321075	2.4045199366652956
Beijing_Pingyao	0.745585655894495	0.8877123756242401	1.633298031518735	2.236876442428134	2.555495365106965
Beijing_Guangzhou	0.837814268568078	0.9016783607592547	1.7394926293273327	2.01494159659077	2.589825180714346
Beijing_Jianou	0.7365020347248377	0.8062748138484808	1.5427768485733184	2.043851640018672	2.311575705397929
Beijing_Chengdu	0.5292594154124907	0.8099494015462702	1.3392088169587608	2.2936114160246013	2.0238648387748657
Beijing_Kunming	0.6722390006139455	0.8019122513590408	1.4741512519729862	2.1843843334969626	2.2703405926657982
Beijing_Hangzhou	0.8522501515815798	0.8652026691986618	1.7174528207802418	1.9246739454812871	2.5055063309802064
Beijing_Taoyuan	0.8596902631712128	0.9053286513454725	1.7650189145166852	2.2756925444636096	2.86171937379216
Beijing_Meixian	0.7507233843421953	0.7466095706515381	1.4973329549937335	2.2224869363021758	2.4150824851286243
Beijing_Shexian	0.765537855266142	0.9244545867839271	1.6899924420500692	1.9766289876468661	2.437638902643995
Beijing_Wuhan	0.4427704159261146	0.8392444652490737	1.2820148811751884	2.286753915906769	1.851751447715785
Beijing_Shantou	0.8062562921551055	0.8636092816658831	1.6698655738209887	2.0072941600612144	2.482002828421435
Beijing_Jinan	0.5542826214828178	0.825327738906625	1.3796103603894427	2.2106925781493088	2.050676216415833
Beijing_Haikou	0.8491211686240735	0.8347608250099955	1.683881993634069	2.0358451923641887	2.563440073887977
Beijing_Wenzhou	0.8482976380740401	0.8079793019564143	1.6562769400304544	1.971008414910255	2.4799810849488413
Beijing_Xiangtan	0.7062210990865031	0.8341482191383549	1.5403693182248581	2.116995088966552	2.329214817629043
Beijing_Fuzhou	0.8293661938109129	0.791450135029571	1.6208163288404838	1.973620232163618	2.4283040350073213
Beijing_Suzhou	0.8457282352601339	0.7143154697039931	1.560043704964127	2.0745248966562597	2.468799749556303
Beijing_Xining	0.6696232634754282	0.6668141634503392	1.3364374269257673	2.4280440125330744	2.29268891898471
Beijing_Xian	0.3924527527229986	0.811980025373982	1.2044327780969806	2.228344586568642	1.6864999923882378
Beijing_Guiyang	0.581021855089146	0.8112306034889414	1.3922524585780875	2.2305100464642518	2.1072056884805783
Beijing_Zhengzhou	0.1909306160800692	0.8920628748157996	1.0829934908958687	2.152194616006515	1.3029827187741314
Beijing_Yinchuan	0.42196082882445013	0.8109102474507468	1.2328710762751969	3.144310676209282	2.1376861864655825
Beijing_Changsha	0.5200088963271532	0.82778360915743	1.3477925054845832	2.2024694247841623	1.9730873039337422
Beijing_Qingdao	0.6342753182371788	0.5853322162358899	1.2196075344730688	2.559205517877195	2.2085731105217916
Beijing_Xianggang	0.8013045810243979	0.8210505404780073	1.6223551215024052	2.051229440595012	2.4647100879589035
Nanjing_Nanning	0.8943584963786951	0.9226461889376542	1.8170046853163493	1.9813836850104865	2.694713522212911
Nanjing_Nanchang	0.7427205608781483	0.472143754354051	1.2148643152321994	2.031354446338944	1.9808724680812317
Nanjing_Xiamen	0.8311483046190179	0.76430669115155	1.595454995770568	1.9993892050277045	2.4260956391838926
Nanjing_Taibei	0.7981372270424553	0.7075732410909487	1.505710468133404	1.9219460919767302	2.2415499654663398
Nanjing_Hefei	0.747186963393916	0.5224043741122838	1.2695913375061998	2.1557890009608336	2.133181811458213
Nanjing_Huhehaote	0.8262483701490788	0.565722967711127	1.3919713378602059	2.093154617705905	2.295188559060649
Nanjing_Haerbin	0.6596777252170598	0.626172865083819	1.2858505903008788	2.378516712016151	2.1952273590573936
Nanjing_Tianjin	0.6092415954669831	0.7684125294151516	1.3776541248821346	2.108900111580852	2.0532421980751687
Nanjing_Taiyuan	0.7940762225339715	0.9026109019160963	1.6966871244500679	2.175123618626466	2.6298248485394233
Nanjing_Tunxi	0.8032908839170495	0.665812093849001	1.4691029777660505	1.987221308346094	2.2621288551691303
Nanjing_Pingyao	0.7724704830251433	0.8462146752738973	1.6186851582990407	2.1602505115813746	2.5149444314104747
Nanjing_Guangzhou	0.8907295214475058	0.8646139634633428	1.7553434849108487	1.9557403109412435	2.606649594703633
Nanjing_Jianou	0.8389188650604334	0.7565265733171725	1.595445438377606	1.9809485707045884	2.4183816999957535
Nanjing_Chengdu	0.6459261461133591	0.9863288647171943	1.6322550108305534	2.2210568569626834	2.4209675606337506
Nanjing_Kunming	0.6841721124380282	0.9716582168553346	1.6558303292933627	2.1167815668721506	2.419901133032133
Nanjing_Hangzhou	0.718659394524913	0.722101956769122	1.440761351294035	1.8635247404191584	2.0613415184009503
Nanjing_Taoyuan	0.8042093869065764	0.6684799640848768	1.4726893509914531	2.2086660303241032	2.4447099182132055
Nanjing_Meixian	0.8022816674115226	0.7873463382125369	1.5896280056240595	2.156596249213283	2.517543972964805
Nanjing_Shexian	0.7586213102975669	0.844968665377976	1.603589975675543	1.914455144468802	2.297315135580816
Nanjing_Wuhan	0.6874867405292583	0.9450869477064439	1.632573688235702	2.2144539598855	2.4674946826402353
Nanjing_Shantou	0.8009518085331103	0.801392799436107	1.6023446079692172	1.9477376474555055	2.36143679071362
Nanjing_Jinan	0.7248644358427881	0.9294924908919092	1.6543569267346974	2.142073655006286	2.4822055023617398
Nanjing_Haikou	0.8586187711060195	0.6710390978933335	1.529657868999353	1.9755518193295467	2.36728497326233
Nanjing_Wenzhou	0.8547744587901436	0.9486311632430072	1.803405622033151	1.9102192543404142	2.581437792542346
Nanjing_Xiangtan	0.7476643659030024	0.6658734394572798	1.4135378053602823	2.0512715287260317	2.199536066277111
Nanjing_Fuzhou	0.7604661164788818	0.8172422862376668	1.5777084027165487	1.9137554086338	2.272588429731868
Nanjing_Suzhou	0.7581692497269674	0.6871553194384877	1.445324569165455	2.0088901797198937	2.210234079780592
Nanjing_Xining	0.8282604454638445	0.6470954251052533	1.4753558705690977	2.3521024465883533	2.5952488452931215
Nanjing_Xian	0.7571499569364596	0.5225479263771132	1.2796978833135728	2.1582102553211024	2.156636728253311
Nanjing_Guiyang	0.6986798311987747	0.9642800931685321	1.662959924367307	2.1607859652718044	2.4739776666413182
Nanjing_Zhengzhou	0.6420548775796241	0.8709552426672537	1.5130101202468778	2.0852518781193834	2.2098013819958755
Nanjing_Yinchuan	0.6756982682767264	0.9772063888636073	1.6529046571403336	3.0415159468385293	3.0323534470784494
Nanjing_Changsha	0.5661990972589134	0.5825422310279208	1.1487413282868342	2.132628907401836	1.790034793187103
Nanjing_Qingdao	0.7624688224770679	0.7837249943887767	1.5461938168658447	2.4791170009396026	2.6739744148780757
Nanjing_Xianggang	0.9092431310676827	0.8789952839382958	1.7882384150059787	1.9910970019528165	2.6893865562533508
Nanning_Nanchang	0.7871190720171247	0.8987014103304087	1.6858204823475336	1.8855990346810192	2.3828923727049185
Nanning_Xiamen	0.6845553140321311	0.77840767493369	1.462962988965821	1.8651918239319705	2.0552346496956035
Nanning_Taibei	0.7646179830645013	0.7925098681286771	1.5571278511931785	1.8065305217731893	2.173815592031354
Nanning_Hefei	0.9264944085287373	0.9074717311240039	1.8339661396527411	1.9773087001215832	2.7394371857218767
Nanning_Huhehaote	0.8728767555706596	0.8671892914132528	1.7400660469839124	1.9278203564354424	2.5499388694616942
Nanning_Haerbin	0.7820939348477869	0.8080656372729697	1.5901595721207564	2.1516373449551427	2.4908481547543824
Nanning_Tianjin	0.8061881079851057	0.9475271567174269	1.7537152647025325	1.9484030825452536	2.5183065514269325
Nanning_Taiyuan	0.8299006075193568	0.8999316755669564	1.729832283086313	1.9909426723658405	2.552216208899579
Nanning_Tunxi	0.8770616526694238	0.7405160966730132	1.617577749342437	1.8509137695482634	2.363881586341606
Nanning_Pingyao	0.9085118496356986	0.9263083747139262	1.8348202243496248	1.9749384444001277	2.7205633537525356
Nanning_Guangzhou	0.23105712950387589	0.35536859376974433	0.5864257232736202	1.8353251969674942	0.7794335654871891
Nanning_Jianou	0.769145570755336	0.705465195010278	1.474610765765614	1.8503994847761291	2.1286917628537934
Nanning_Chengdu	0.7932220304673204	0.7517621082390609	1.5449841387063814	2.0337014371589897	2.3649388915866223
Nanning_Kunming	0.8985929317548804	0.7579677791883196	1.6565607109432001	1.9565117002593078	2.5160753639370568
Nanning_Hangzhou	0.9236324434040855	0.8507780546777676	1.7744104980818531	1.7533917732494648	2.470267582448793
Nanning_Taoyuan	0.8479996106256236	0.8283071536078743	1.676306764233498	2.0351550261925793	2.5541178233819624
Nanning_Meixian	0.6409180236162731	0.827000995979743	1.4679190195960161	1.9935656265233284	2.1047131372804118
Nanning_Shexian	0.835927153007824	0.7043499237926593	1.5402770768004834	1.7951195023526956	2.20493905870317
Nanning_Wuhan	0.7897088668551384	0.8173531864427629	1.6070620532979012	2.028736340423905	2.4194642629867653
Nanning_Shantou	0.7762781040457495	0.9431828166035339	1.7194609206492832	1.827862013784238	2.3621120751212077
Nanning_Jinan	0.8734127728192431	0.8584862360492055	1.7318990088684485	1.9757550000936797	2.58413588909251
Nanning_Haikou	0.7780373604730378	0.864259988711119	1.6422973491841568	1.850374968162331	2.3039208448255204
Nanning_Wenzhou	0.8597725356600089	0.733358500969583	1.5931310366295919	1.7937540980258397	2.2755790101797913
Nanning_Xiangtan	0.8698931678880162	0.8996607145728485	1.7695538824608645	1.9048770415278682	2.556700238664678
Nanning_Fuzhou	0.8492862905482244	0.8406037022071351	1.6898899927553594	1.7982781545574547	2.367856685465142
Nanning_Suzhou	0.9173475874949281	0.8165679089022935	1.7339154963972216	1.8692476591170923	2.5313177394238995
Nanning_Xining	0.8531382768761183	0.7516038273352463	1.6047421042113648	2.1350671728366164	2.573111356183843
Nanning_Xian	0.8007929750692127	0.922041782506005	1.7228347575752176	1.9862256908903275	2.512597362672973
Nanning_Guiyang	0.7836202287977875	0.638620026348384	1.4222402551461715	1.9892182273261234	2.19741166877441
Nanning_Zhengzhou	0.8083145344021307	0.8634043067452168	1.6717188411473476	1.9312408263621241	2.4244543361245032
Nanning_Yinchuan	0.8317305505612927	0.7987026894992235	1.6304332400605164	2.618783453744892	2.976824893283266
Nanning_Changsha	0.7918297039747462	0.9098560663063346	1.7016857702810808	1.9653909211466225	2.4661109775925185
Nanning_Qingdao	0.8789202386458707	0.8195426636590324	1.698462902304903	2.229893387322606	2.779441091799466
Nanning_Xianggang	0.2221424891529502	0.28797906897435527	0.5101215581273055	1.8639517175275915	0.7020419431668512
Nanchang_Xiamen	0.7374806186005829	0.7987265900769118	1.5362072086774947	1.8963567459755408	2.1972529361863424
Nanchang_Taibei	0.7519366925700097	0.8109494121880882	1.562886104758098	1.829510387254096	2.186625401802411
Nanchang_Hefei	0.8817462477717598	0.5900827855320553	1.471829033303815	2.0274947388496067	2.37781866388968
Nanchang_Huhehaote	0.8330451846892918	0.8549989682416504	1.6880441529309422	1.970926835998795	2.4968700783453484
Nanchang_Haerbin	0.6834408290312806	0.6660286546574903	1.3494694836887708	2.228055987856005	2.1887730861259067
Nanchang_Tianjin	0.6866467625436524	0.7199481699384093	1.4065949324820617	1.9918428898081977	2.0876406417208013
Nanchang_Taiyuan	0.7581949539033029	0.8903412527003173	1.6485362066036202	2.04364983678166	2.4398262464934803
Nanchang_Tunxi	0.7699188937081061	0.6507510453744352	1.4206699390825412	1.8814481331964592	2.0993135106542344
Nanchang_Pingyao	0.8290059531009879	0.8980052329144588	1.7270111860154467	2.026725043279228	2.578172359091796
Nanchang_Guangzhou	0.8171398094153741	0.7910248113352455	1.6081646207506197	1.8613984987796506	2.3120476258741127
Nanchang_Jianou	0.7936183842209311	0.841073557133322	1.634691941354253	1.879682671128118	2.332824281442103
Nanchang_Chengdu	0.6855725273379367	0.9315911582892669	1.6171636856272036	2.0903487363534894	2.3646768244887912
Nanchang_Kunming	0.8278684887208281	0.8994725969899853	1.7273410857108134	2.0004689154798188	2.5555977747812566
Nanchang_Hangzhou	0.7922389590402477	0.629542089233504	1.4217810482737516	1.771265699021312	2.0328077828098445
Nanchang_Taoyuan	0.7577041984373273	0.8996098619262689	1.6573140603635963	2.0879731550440117	2.4816758877275493
Nanchang_Meixian	0.6903691978028561	0.8745314196944369	1.564900617497293	2.040769673900741	2.2834159423656875
Nanchang_Shexian	0.7071959646054996	0.8659301852784224	1.573126149883922	1.8179378710228242	2.151568511569277
Nanchang_Wuhan	0.7158286156588046	0.9160363506797209	1.6318649663385254	2.084579465439721	2.408237983656208
Nanchang_Shantou	0.7975183480427752	0.7907730310118587	1.5882913790546338	1.8532848889856708	2.268801734128349
Nanchang_Jinan	0.8468951285790417	0.8156797986399867	1.6625749272190284	2.0226333396104907	2.52863812085767
Nanchang_Haikou	0.8412110409719342	0.6713373293657408	1.512548370337675	1.8785207194269644	2.2515696992422445
Nanchang_Wenzhou	0.82514824572944	0.9403115659070784	1.7654598116365183	1.8159487624284902	2.4387385015594947
Nanchang_Xiangtan	0.7545447064261108	0.7861502476455146	1.5406949540716255	1.9417222194805959	2.2512664697045572
Nanchang_Fuzhou	0.7645688745528985	0.8307349508813242	1.5953038254342227	1.8206444699648632	2.222743044243318
Nanchang_Suzhou	0.8037713646030836	0.6454199024609577	1.4491912670640414	1.9019076607336518	2.1741188182779037
Nanchang_Xining	0.8442768366362995	0.6581493869337095	1.502426223570009	2.2073303068060177	2.5217472357753263
Nanchang_Xian	0.7344379617413891	0.7894808357995031	1.523918797540892	2.0353405790747012	2.2843122221446652
Nanchang_Guiyang	0.679169313665952	0.8655916032405161	1.5447609169064682	2.0384313735069304	2.250031640140362
Nanchang_Zhengzhou	0.7034875591198211	0.8327652278015416	1.5362527869213627	1.9718284744923775	2.2199220283251444
Nanchang_Yinchuan	0.8004677281999822	0.9200390628383037	1.7205067910382859	2.793982775879227	3.1565321080762283
Nanchang_Changsha	0.6750485330622792	0.8394329837837209	1.5144815168460002	2.0117764241131395	2.197479707730573
Nanchang_Qingdao	0.8754430017081102	0.7678428245302783	1.6432858262383885	2.318577317267111	2.797625110850935
Nanchang_Xianggang	0.7967557451418888	0.810441809546531	1.6071975546884198	1.893485708230694	2.319087425923395
Xiamen_Taibei	0.3489314674910218	0.42207897251556575	0.7710104400065876	1.8116198097790919	1.05421013127759
Xiamen_Hefei	0.9135605755230058	0.8082758394558036	1.7218364149788095	1.9952859359943271	2.6310904074757406
Xiamen_Huhehaote	0.8466039728181806	0.8072655224160412	1.6538694952342219	1.942166029350906	2.4515109987370294
Xiamen_Haerbin	0.7299634845665921	0.7444967457002113	1.4744602302668035	2.1830732693179535	2.338060516435727
Xiamen_Tianjin	0.7697575919010904	0.8230933407103397	1.5928509326114302	1.9634020133589216	2.334436946447256
Xiamen_Taiyuan	0.7804478599533712	0.8216253648718211	1.6020732248251923	2.010121881727563	2.390420685711541
Xiamen_Tunxi	0.8401508281532468	0.7913595605277366	1.6315103886809834	1.859295547701775	2.3534482547110276
Xiamen_Pingyao	0.9013417281286653	0.8077509966751587	1.7090927248038241	1.9933950142735843	2.6044811036835767
Xiamen_Guangzhou	0.7088450758848283	0.8228303854821922	1.5316754613670205	1.8420766681606808	2.1285773611102217
Xiamen_Jianou	0.7151518283754374	0.8850380501947073	1.6001898785701447	1.8584380533587144	2.214103421976681
Xiamen_Chengdu	0.7208335019828311	0.55717908368864	1.2780125856714712	2.055270523676859	2.0386869327927175
Xiamen_Kunming	0.8761198234476634	0.54102227853879	1.4171421019864534	1.971882375277931	2.26862751702685
Xiamen_Hangzhou	0.8891637238784232	0.8769773681076206	1.7661410919860439	1.7554803403448835	2.437886804724039
Xiamen_Taoyuan	0.8102973818647061	0.8739455843862597	1.6842429662509657	2.055368466528229	2.5394052715813595
Xiamen_Meixian	0.5720053507772146	0.6785704363990535	1.2505757871762682	2.0108988176151006	1.8288153199464652
Xiamen_Shexian	0.815184125737841	0.7895474720730826	1.6047315978109236	1.7997566266552114	2.256680504313897
Xiamen_Wuhan	0.7357602203098195	0.8371183214301693	1.5728785417399886	2.0499060966952753	2.3453576827491274
Xiamen_Shantou	0.584983573076509	0.6647204288715394	1.2497040019480483	1.8342188270614737	1.7377083121301635
Xiamen_Jinan	0.8583038120064971	0.7826947994603646	1.6409986114668618	1.9925707620094963	2.4929258801858056
Xiamen_Haikou	0.6752533868371644	0.9068743326067993	1.5821277194439638	1.8581148099175524	2.1615726511359203
Xiamen_Wenzhou	0.8725688351180888	0.8082025150305248	1.6807713501486137	1.7982186550109895	2.3772720721210803
Xiamen_Xiangtan	0.8103026225423198	0.8613995480573378	1.6717021705996575	1.9166500069550652	2.4144660751887823
Xiamen_Fuzhou	0.750743873455969	0.650296001966886	1.401039875422855	1.8029454524249635	2.0038462545502274
Xiamen_Suzhou	0.907850778555998	0.8070477764051747	1.7148985549611728	1.878777116018581	2.5126970439158365
Xiamen_Xining	0.856940436360526	0.655698067813253	1.512638504173779	2.164572752805469	2.5106079871364764
Xiamen_Xian	0.7596591741872123	0.7252646631869812	1.4849238373741935	2.0040546081873774	2.2476631318686815
Xiamen_Guiyang	0.728821835742741	0.7517582355505199	1.4805800712932609	2.0071512282974573	2.21461387837157
Xiamen_Zhengzhou	0.7406986817881047	0.8065869372934223	1.547285619081527	1.9448795157977148	2.247156630881477
Xiamen_Yinchuan	0.8246985123864593	0.7291918357739753	1.5538903481604347	2.6992386847105205	2.955249963630725
Xiamen_Changsha	0.6999265249949741	0.8467243588514385	1.5466508838464126	1.9817898183425942	2.2338316196743913
Xiamen_Qingdao	0.8438790806529155	0.8577280768397479	1.7016071574926634	2.267635806088913	2.771338496137693
Xiamen_Xianggang	0.6921747349504013	0.7411309092730303	1.4333056442234315	1.8724615814387653	2.0372015081102166
Taibei_Hefei	0.9085266456418059	0.8798454469460207	1.7883720925878266	1.9170841084453512	2.621567441405088
Taibei_Huhehaote	0.8335588425580114	0.8117996713918003	1.6453585139498117	1.8683439542232692	2.369174295374407
Taibei_Haerbin	0.7603988860418954	0.637094205429791	1.3974930914716865	2.088919094415743	2.225505957855167
Taibei_Tianjin	0.7844015227733561	0.8398995341018152	1.6243010568751712	1.891612414438009	2.3236831924839745
Taibei_Taiyuan	0.7783400359925898	0.8048992699784085	1.5832393059709984	1.929961469714822	2.3070655497805546
Taibei_Tunxi	0.8351229593141469	0.8766985283333303	1.711821487647477	1.795712087977903	2.376338921321622
Taibei_Pingyao	0.898364517984893	0.7798518601418987	1.6782163781267916	1.91268203078757	2.4981375307887403
Taibei_Guangzhou	0.756091635540135	0.8657778930611476	1.6218695286012825	1.7846684508966597	2.215150780996482
Taibei_Jianou	0.7832266009647484	0.8717260572662592	1.6549526582310077	1.7971342317234327	2.279289393056398
Taibei_Chengdu	0.7319766070314041	0.5448931550892864	1.2768697621206906	1.9743211652903998	1.9900500628488411
Taibei_Kunming	0.8675815320052864	0.5457769402752328	1.4133584722805193	1.900262061032987	2.1944092103977546
Taibei_Hangzhou	0.857323512554307	0.8630440633583483	1.7203675759126553	1.7011152688111593	2.3214501808752956
Taibei_Taoyuan	0.8042582512462674	0.7742632310676241	1.5785214823138913	1.979523988267057	2.366311732171324
Taibei_Meixian	0.6230557932740208	0.7280778208547392	1.35113361412876	1.9386018362029434	1.9359349257526375
Taibei_Shexian	0.8140620661810769	0.8511893840301483	1.6652514502112252	1.7422223353475947	2.2694664980900323
Taibei_Wuhan	0.7476500980050675	0.8143726881226259	1.5620227861276934	1.9695114342966618	2.2868781049966262
Taibei_Shantou	0.4934151854700377	0.7271791194872947	1.2205943049573325	1.7769293340233714	1.6039430364015872
Taibei_Jinan	0.8650755218289843	0.891054354391278	1.7561298762202622	1.918863852327476	2.5510165027622445
Taibei_Haikou	0.7005712935114957	0.8921932296334848	1.5927645231449805	1.798970794774644	2.1525005263181605
Taibei_Wenzhou	0.8673972051578858	0.9081872840670379	1.7755844892249235	1.7418441512996417	2.4190580327249567
Taibei_Xiangtan	0.8241646859788543	0.825825828436741	1.6499905144155953	1.8497816597763905	2.350350549195794
Taibei_Fuzhou	0.7554425745546708	0.7424776049164398	1.4979201794711106	1.7470455817016886	2.062270217021526
Taibei_Suzhou	0.8608916689137645	0.7625318011597194	1.623423470073484	1.8141141795674343	2.3242875848076525
Taibei_Xining	0.8523271155252866	0.5136999787063925	1.3660270942316792	2.073756305800506	2.2812187091317124
Taibei_Xian	0.7682341762273114	0.6019685265179071	1.3702027027452184	1.928333479645863	2.083380208745192
Taibei_Guiyang	0.7438506207212843	0.7354193887985581	1.4792700095198423	1.9316131129574154	2.1722510018653036
Taibei_Zhengzhou	0.7609690557808231	0.8196111800166954	1.5805802357975185	1.8753742638853361	2.2467129628411757
Taibei_Yinchuan	0.8366309849149884	0.7370662295637489	1.5736972144787373	2.5428486503125582	2.8644922003644937
Taibei_Changsha	0.71552931385501	0.8199641179058419	1.5354934317608517	1.9076371601034978	2.1849344261590176
Taibei_Qingdao	0.8562197986174904	0.9007532662396405	1.756973064857131	2.166202224455023	2.75549849862728
Taibei_Xianggang	0.7574587999075881	0.7867670514282504	1.5442258513358387	1.8126987130215642	2.1598116431875938
Hefei_Huhehaote	0.6976531065520745	0.8384004196518459	1.5360535262039203	2.0900002725742968	2.2964956025079863
Hefei_Haerbin	0.7056568536067729	0.6491749184899503	1.3548317720967233	2.380044936107617	2.3286699395463843
Hefei_Tianjin	0.7658703024726689	0.5168714191047811	1.28274172157745	2.1061579715426655	2.129915261825385
Hefei_Taiyuan	0.6994557902732068	0.9059266529357651	1.6053824432089718	2.1732280534903308	2.4260035985337476
Hefei_Tunxi	0.8946395548852605	0.4607109328422683	1.3553504877275286	1.9827888379187715	2.234592256229381
Hefei_Pingyao	0.8317979453783978	0.9030337559495348	1.7348317013279326	2.1580529271752775	2.6980977467917677
Hefei_Guangzhou	0.9284755034750186	0.8744881927730678	1.8029636962480864	1.9513257321718989	2.686246334395131
Hefei_Jianou	0.8927316294010981	0.8267419027953875	1.7194735321964856	1.9766147526790496	2.591328411652804
Hefei_Chengdu	0.7639047305583457	0.9727854799879118	1.7366902105462576	2.2199588940036037	2.668622580762338
Hefei_Kunming	0.830505519590133	0.9894336602200585	1.8199391798101914	2.1141893547666895	2.745279588812496
Hefei_Hangzhou	0.8085713863351267	0.7471558182186656	1.5557272045537922	1.85767676181248	2.2492200928799315
Hefei_Taoyuan	0.934433436893902	0.836699592123379	1.7711330290172809	2.2074685537290692	2.8994320196196446
Hefei_Meixian	0.9038341827026628	0.6125852732793484	1.5164194559820112	2.1546563884205097	2.5600373691124707
Hefei_Shexian	0.8426696595408956	0.7264581196909079	1.5691277792318035	1.9092321891987805	2.335310158547563
Hefei_Wuhan	0.7613974828886434	0.9556126576119098	1.7170101405005531	2.2132539869134735	2.640778672241083
Hefei_Shantou	0.921716095842011	0.6223641543854579	1.5440802502274689	1.9431880375515005	2.4134318458443262
Hefei_Jinan	0.7498431927056304	0.8889216225193433	1.6387648152249736	2.139830107969603	2.493458662526904
Hefei_Haikou	0.9502508726216692	0.7199762141980507	1.67022708681972	1.971325957565494	2.593230425596409
Hefei_Wenzhou	0.9254506968753351	0.9183785495749874	1.8438292464503225	1.905055125652959	2.6814131431964476
Hefei_Xiangtan	0.844063996165971	0.8560975403384413	1.7001615365044125	2.047785626661006	2.5845596596691673
Hefei_Fuzhou	0.9080968528171688	0.8124622662539632	1.720559119071132	1.908718904004797	2.545763895893355
Hefei_Suzhou	0.8126155387084067	0.7315934001794869	1.5442089388878937	2.0047812948607024	2.360709832095254
Hefei_Xining	0.7820939414374236	0.782133958626111	1.5642279000635346	2.3531471848401653	2.6225161152001335
Hefei_Xian	0.800605237304896	0.8048628593173295	1.6054680966222254	2.156169192753421	2.531103207551188
Hefei_Guiyang	0.8205751758639186	0.9700114916297038	1.7905866674936224	2.158797036138475	2.741466749213539
Hefei_Zhengzhou	0.7239061882389785	0.8441716155242135	1.568077803763192	2.082212115381636	2.3514978510751536
Hefei_Yinchuan	0.7341893833863706	0.9409778585697561	1.6751672419561268	3.058035394162795	3.1861549789838355
Hefei_Changsha	0.7602773284660753	0.8646641176134505	1.624941446079526	2.1301975135633904	2.4842049923305014
Hefei_Qingdao	0.7572065281628971	0.7106229401945947	1.467829468357492	2.4824367536181504	2.5903402557857675
Hefei_Xianggang	0.9215750393551971	0.8826773062385316	1.8042523455937287	1.987094247752691	2.7139337658137035
Huhehaote_Haerbin	0.7097220438321168	0.8268400365254689	1.5365620803575857	2.3094811574219603	2.465929723762745
Huhehaote_Tianjin	0.7739666616056768	0.7883786753804155	1.5623453369860925	2.0475930028796325	2.3731473961463077
Huhehaote_Taiyuan	0.40653992618522355	0.8284449011454676	1.2349848273306911	2.1083364597927634	1.6855678498832334
Huhehaote_Tunxi	0.8551926029166469	0.8758986964842531	1.7310912994009	1.9279181361257876	2.5246400255278756
Huhehaote_Pingyao	0.8170846869957544	0.6945055373885212	1.5115902243842756	2.091749978803573	2.4036424140926145
Huhehaote_Guangzhou	0.8922904138151605	0.8126717854090006	1.7049621992241613	1.902159119326023	2.5099501331346987
Huhehaote_Jianou	0.8163523561647761	0.7877938453590179	1.604146201523794	1.9241074750541685	2.3585435161337465
Huhehaote_Chengdu	0.7569451661259272	0.6357918511856988	1.392737017311626	2.15640867165225	2.2680749713849013
Huhehaote_Kunming	0.792988163179196	0.691590810850278	1.484578974029474	2.0561762607251506	2.3221142470153824
Huhehaote_Hangzhou	0.8377540421208852	0.7974078337899853	1.6351618759108706	1.8078915523179995	2.311976289460591
Huhehaote_Taoyuan	0.9092502760174007	0.722737544340715	1.6319878203581157	2.148888477816206	2.6766149859257125
Huhehaote_Meixian	0.8454783465030021	0.8931169344908512	1.7385952809938532	2.09765525074547	2.6666390274244716
Huhehaote_Shexian	0.7349332099131555	0.8262970430719276	1.5612302529850832	1.8580571148474219	2.1918449226887198
Huhehaote_Wuhan	0.7310920475174256	0.8908334517837236	1.6219254993011494	2.1500078944315097	2.4626871255022853
Huhehaote_Shantou	0.8466916134232515	0.8607348035355846	1.7074264169588362	1.89381102536104	2.464208716117266
Huhehaote_Jinan	0.6503332393614839	0.8521412889107122	1.502474528272196	2.0806482013157703	2.205255973644042
Huhehaote_Haikou	0.9073198530156125	0.6982964698656933	1.6056163228813056	1.9210464094182296	2.4413000156952114
Huhehaote_Wenzhou	0.8659120100761183	0.7372352924898199	1.6031473025659382	1.8550608121481031	2.34355472915042
Huhehaote_Xiangtan	0.9072482040008213	0.7626493570255917	1.669897561026413	1.9921263470198038	2.5700024075020256
Huhehaote_Fuzhou	0.849135301967969	0.8730652192593864	1.7222005212273555	1.859444675740275	2.451985335486837
Huhehaote_Suzhou	0.8174207067419532	0.8389055531867242	1.6563262599286774	1.9496817611323494	2.432615796293425
Huhehaote_Xining	0.6247623320925003	0.8522408189666266	1.4770031510591268	2.2849441838639306	2.2797878759786507
Huhehaote_Xian	0.7176294854472482	0.603452498236672	1.3210819836839203	2.0954895254262045	2.1072375681283777
Huhehaote_Guiyang	0.7632191185649938	0.8539334524155806	1.6171525709805743	2.098440217749559	2.4555031457677323
Huhehaote_Zhengzhou	0.7474549596582803	0.7805175823264657	1.527972541984746	2.0251289630485676	2.294210269704748
Huhehaote_Yinchuan	0.6175407023195357	0.822431234661111	1.4399719369806467	2.9541180185762395	2.6467193505874773
Huhehaote_Changsha	0.7848247300627412	0.6813893503409129	1.466214080403654	2.0700794108143032	2.3060388651416868
Huhehaote_Qingdao	0.641346247681671	0.7866342587096868	1.427980506391358	2.408806459161016	2.331513242683977
Huhehaote_Xianggang	0.8914430612947237	0.8320604699051756	1.7235035311998992	1.936785009768992	2.558594028083377
Haerbin_Tianjin	0.3304089366730023	0.5338745005527218	0.8642834372257241	2.313790322641774	1.2983715007410734
Haerbin_Taiyuan	0.5943445997061952	0.8925000291367621	1.4868446288429573	2.4044288556253304	2.321559334855424
Haerbin_Tunxi	0.7922849371406392	0.8272563713803025	1.6195413085209416	2.177215188839934	2.5522311704119947
Haerbin_Pingyao	0.7625789191839332	0.7829542177430902	1.5455331369270233	2.3947485351712583	2.6091389674112957
Haerbin_Guangzhou	0.8189026446716604	0.8701555407917867	1.689058185463447	2.1245824757242144	2.6099817489854096
Haerbin_Jianou	0.7118666492979733	0.7839777926054003	1.4958444419033736	2.162207151267437	2.3231809524662665
Haerbin_Chengdu	0.4948327145476183	0.8125812559411485	1.3074139704887668	2.445753841453616	2.0228202684229064
Haerbin_Kunming	0.6845184240496649	0.8200338480519879	1.5045522721016527	2.3196952289677233	2.4079079704605
Haerbin_Hangzhou	0.8669041306927433	0.851187602929887	1.7180917336226305	2.033705053020738	2.614214914004269
Haerbin_Taoyuan	0.8676833153635389	0.8783368334306496	1.7460201487941887	2.414578960352379	2.9734267109562493
Haerbin_Meixian	0.7354676865109628	0.589375248603108	1.324842935114071	2.356132047245216	2.3222342345048856
Haerbin_Shexian	0.7616419881984877	0.9321089052662664	1.6937508934647543	2.09019201302477	2.5240869057830517
Haerbin_Wuhan	0.4350951267737156	0.7792498857891199	1.2143450125628354	2.4379378792043576	1.839984776407983
Haerbin_Shantou	0.7843586983587646	0.8564377868196251	1.6407964851783898	2.117266700033746	2.517134339736451
Haerbin_Jinan	0.530733626379347	0.8725887013503802	1.403322327729727	2.3495917485492597	2.1195960505689198
Haerbin_Haikou	0.8306388646297932	0.7948174318431567	1.62545629647295	2.1486276575897834	2.5795510698557065
Haerbin_Wenzhou	0.8359087510529646	0.8526183419611578	1.6885270930141223	2.0816231948619284	2.592665386941074
Haerbin_Xiangtan	0.7023406399785249	0.7357568216706027	1.4380974616491278	2.244813029856476	2.3123802416921317
Haerbin_Fuzhou	0.8283905253079176	0.7876393463265119	1.6160298716344295	2.0825831151859346	2.512831467112788
Haerbin_Suzhou	0.8511555796437495	0.6969894441363215	1.5481450237800711	2.199944800477263	2.569484735970799
Haerbin_Xining	0.6628214853028598	0.49149573425669557	1.1543172195595552	2.595759159685357	2.2120206759678473
Haerbin_Xian	0.35441458080335425	0.6521716795016486	1.0065862603050029	2.371488805086885	1.4926618902363644
Haerbin_Guiyang	0.5496939528672335	0.8061095734048592	1.3558035262720929	2.3728807286489335	2.110467760818373
Haerbin_Zhengzhou	0.18258353601368657	0.8487756440166869	1.0313591800303734	2.2844000551275023	1.2658694837517268
Haerbin_Yinchuan	0.43872571857474557	0.7736821446128374	1.212407863187583	3.433381124964093	2.2799947458036773
Haerbin_Changsha	0.49631415674050017	0.707764547161428	1.2040787039019283	2.343551347297488	1.8709022578734438
Haerbin_Qingdao	0.6170988894935389	0.7588319707112279	1.3759308602047668	2.744878329488982	2.4526933396337585
Haerbin_Xianggang	0.7826065112020222	0.7911446991588894	1.5737512103609115	2.164429329280175	2.48504118529018
Tianjin_Taiyuan	0.655251529566171	0.8933403380750481	1.5485918676412191	2.1237072995829642	2.284902794477628
Tianjin_Tunxi	0.8131903727485764	0.8301927277677814	1.643383100516358	1.9505932097277074	2.416396347067098
Tianjin_Pingyao	0.7151058566647425	0.809631198046749	1.5247370547114913	2.108436568172652	2.3173865363531228
Tianjin_Guangzhou	0.8319895583805939	0.8970269182616455	1.7290164766422393	1.9239009261714672	2.49769240019506
Tianjin_Jianou	0.8007971510202174	0.8626223659393132	1.6634195169595305	1.9460667180484645	2.421027049447788
Tianjin_Chengdu	0.5497125042291502	0.9163525808001272	1.4660650850292773	2.168722677243408	2.108526554686148
Tianjin_Kunming	0.7607541390238769	0.9342551433794508	1.6950092824033276	2.0728378472553644	2.511175115204312
Tianjin_Hangzhou	0.8124283340323281	0.9287324811733049	1.741160815205633	1.8348114972147518	2.419385329118847
Tianjin_Taoyuan	0.7908632179485559	0.900621687434411	1.6914849053829668	2.160697205730347	2.6094376325707658
Tianjin_Meixian	0.7414316444514502	0.6863456229681587	1.427777267419609	2.1118358041730105	2.2521275160676044
Tianjin_Shexian	0.7897280670450282	0.796883178592194	1.5866112456372221	1.8829671331519189	2.2839151729655773
Tianjin_Wuhan	0.46257223823507526	0.9401650832441657	1.402737321479241	2.1626295263072706	1.9405374637013804
Tianjin_Shantou	0.8351606441591809	0.8363235881956653	1.6714842323548462	1.9160638414555777	2.4365447002758205
Tianjin_Jinan	0.6610419522348391	0.8974819970497135	1.5585239492845526	2.0962686394337102	2.2832035108696433
Tianjin_Haikou	0.862243776220447	0.8838556546546715	1.7460994308751185	1.9422840206945815	2.5585779631510004
Tianjin_Wenzhou	0.8250685630402365	0.9081389700928114	1.7332075331330479	1.8795866535085932	2.458926829412753
Tianjin_Xiangtan	0.6718823272634832	0.8720222579810605	1.5439045852445437	2.0115729244695615	2.2235625559338805
Tianjin_Fuzhou	0.8252676769858691	0.8702210346425615	1.6954887116284305	1.8834113675342872	2.424539558736362
Tianjin_Suzhou	0.8573050293578627	0.8835209388604575	1.7408259682183203	1.9712468405230454	2.573480769346661
Tianjin_Xining	0.7512126373536925	0.8321441990945667	1.5833568364482593	2.2905174536849713	2.552809856381918
Tianjin_Xian	0.5233608044702766	0.6366306755149952	1.1599914799852717	2.1106455668417006	1.7412598373288906
Tianjin_Guiyang	0.5918982058210616	0.874235656149017	1.4661338619700786	2.113356762286628	2.1251277320062796
Tianjin_Zhengzhou	0.41282558693239446	0.8825535220904644	1.2953791090228588	2.0432241101850424	1.7260487146120238
Tianjin_Yinchuan	0.4801053770511461	0.8977430573222868	1.377848434373433	2.9130011134466103	2.29629055524398
Tianjin_Changsha	0.5415479891740362	0.8654992437698809	1.407047232943917	2.08652242484079	1.9954512673089448
Tianjin_Qingdao	0.7338814902953158	0.8204571467022528	1.5543386369975685	2.4073733095961813	2.587183858845865
Tianjin_Xianggang	0.7949477522951905	0.9027740567293926	1.6977218090245831	1.9572344198212859	2.4586731594811053
Taiyuan_Tunxi	0.8348025330440417	0.7956139417277336	1.6304164747717753	1.9980027019915938	2.463551658379156
Taiyuan_Pingyao	0.7883508928336229	0.7534542040947101	1.541805096928333	2.1785824444310156	2.4709416192735576
Taiyuan_Guangzhou	0.8509511115354613	0.8703453413154812	1.7212964528509427	1.9646335982497463	2.5421524855060156
Taiyuan_Jianou	0.7816407386135129	0.8563443483825627	1.6379850869960757	1.991096305960746	2.4126663356243574
Taiyuan_Chengdu	0.6385982082203705	0.7825746018108819	1.4211728100312524	2.2402579022802485	2.2131992841585744
Taiyuan_Kunming	0.8342630290244165	0.7858277153997234	1.62009074442414	2.1316483048811534	2.564183087044637
Taiyuan_Hangzhou	0.7892028557706389	0.7144953909643486	1.5036982467349875	1.8702701086252147	2.190517901753831
Taiyuan_Taoyuan	0.8972733957203286	0.6438229668569398	1.5410963625772685	2.2260157225782184	2.641167653181539
Taiyuan_Meixian	0.776075809777499	0.5018295006844056	1.2779053104619047	2.1721922800563225	2.187615383421548
Taiyuan_Shexian	0.7551974800663407	0.8040018496486293	1.55919932971497	1.9226940619458928	2.2560155601686844
Taiyuan_Wuhan	0.6199863830935797	0.7622458889428363	1.382232272036416	2.2333838929641243	2.146913490801122
Taiyuan_Shantou	0.8043283754323746	0.6232026455766845	1.427531021009059	1.9564796563196867	2.1968547491107886
Taiyuan_Jinan	0.6697813491412387	0.8292425724793325	1.4990239216205712	2.1579089989058255	2.274569773090496
Taiyuan_Haikou	0.8541182300272288	0.9168595206461781	1.7709777506734068	1.9851284379311758	2.6123939084286714
Taiyuan_Wenzhou	0.8384854530943368	0.8400066575296208	1.6784921106239574	1.9181586056897042	2.4483547451281535
Taiyuan_Xiangtan	0.8316521118088323	0.8225972501335621	1.6542493619423944	2.0638744493001977	2.5390227944023622
Taiyuan_Fuzhou	0.8382979699880398	0.8880474128379752	1.7263453828260151	1.9216630290994492	2.4989736291331113
Taiyuan_Suzhou	0.7558763390636773	0.9348257320405193	1.6907020711041967	2.0202805369344023	2.461907988180096
Taiyuan_Xining	0.7416826882554055	0.8692386018048051	1.6109212900602106	2.376411445478567	2.6317818310882624
Taiyuan_Xian	0.6075831299319351	0.6968415039611892	1.3044246338931242	2.1748861425824804	2.0182656337170455
Taiyuan_Guiyang	0.6789613795142243	0.7813401918547167	1.460301571368941	2.1774379684745018	2.2597364787368144
Taiyuan_Zhengzhou	0.6450559873807901	0.7964016155744752	1.4414576029552653	2.099068769441408	2.1504184932266823
Taiyuan_Yinchuan	0.6658547491416987	0.8059211613495223	1.4717759104912211	3.103690229739163	2.872528040686034
Taiyuan_Changsha	0.6835866199041739	0.8158583830565692	1.4994450029607431	2.148472937272104	2.284525736201999
Taiyuan_Qingdao	0.6819169899568587	0.8843928060237805	1.5663097959806391	2.509025295655936	2.5953397833630936
Taiyuan_Xianggang	0.8447507815594386	0.8660379264633645	1.710788708022803	2.001050077937904	2.5564265437409843
Tunxi_Pingyao	0.885497930731762	0.9408972079681458	1.8263951386999078	1.9803568414498987	2.694499093182519
Tunxi_Guangzhou	0.8881529227717806	0.7876920213292736	1.6758449441010543	1.8270952278590322	2.4104319881346457
Tunxi_Jianou	0.8222045765205721	0.8565801111572228	1.678784687677795	1.8431361768951673	2.37201511095106
Tunxi_Chengdu	0.7778744723425337	0.9324685788399493	1.710343051182483	2.0451353894197886	2.5233271907539097
Tunxi_Kunming	0.7835148085981326	0.9252298033184722	1.7087446119166048	1.9594964850633494	2.460524316761596
Tunxi_Hangzhou	0.843126204134247	0.6825862843086586	1.5257124884429056	1.7372587708348988	2.1473146773616145
Tunxi_Taoyuan	0.8450108044392934	0.7908216849957911	1.6358324894350846	2.0459401408161617	2.519663209221497
Tunxi_Meixian	0.7906947462293507	0.8177589329406529	1.6084536791700037	2.000118560984444	2.399242170946862
Tunxi_Shexian	0.7269215636823992	0.5912832756948015	1.3182048393772008	1.7827052337915137	1.8871701518273256
Tunxi_Wuhan	0.8214321845765444	0.9240049513267452	1.7454371359032896	2.0396069408360353	2.5994037364151725
Tunxi_Shantou	0.8409517052337079	0.7049029469001972	1.545854652133905	1.8189087551316456	2.234517366192675
Tunxi_Jinan	0.8495810473268626	0.8608644725153168	1.7104455198421795	1.9807422411969131	2.5436655402759474
Tunxi_Haikou	0.8873147451418102	0.7795506348502231	1.6668653799920334	1.8433863290967192	2.4152145056505754
Tunxi_Wenzhou	0.7818413098359628	0.7716703488999503	1.5535116587359132	1.7814669163515444	2.1644947762096756
Tunxi_Xiangtan	0.7902024115356348	0.8459419359560603	1.636144347491695	1.9027061696218461	2.3494649396349736
Tunxi_Fuzhou	0.875456747635071	0.8378485239663491	1.71330527160142	1.786577207075392	2.4019195950715204
Tunxi_Suzhou	0.8486460382985227	0.7250646357791161	1.5737106740776388	1.8635624230881673	2.3065695032548845
Tunxi_Xining	0.8565923500167505	0.7950187362787505	1.651611086295501	2.158167167706566	2.6436882221935125
Tunxi_Xian	0.8044126514112638	0.8779343495072688	1.6823470009185326	1.9923998564108543	2.4806460006741453
Tunxi_Guiyang	0.7808242884917584	0.9141857721906906	1.6950100606824492	1.9956684593270497	2.472452177010178
Tunxi_Zhengzhou	0.7999514358688481	0.8433323603996228	1.643283796268471	1.9316743385131343	2.3885780211242116
Tunxi_Yinchuan	0.8586056029903112	0.9023878618397698	1.7609934648300811	2.716630110881857	3.2349016962951227
Tunxi_Changsha	0.7312403238165269	0.8508233761430521	1.582063699959579	1.969385589454234	2.2909175322951683
Tunxi_Qingdao	0.8548887871848417	0.706753677735373	1.5616424649202147	2.264984652653625	2.6430636604347106
Tunxi_Xianggang	0.8904674483793324	0.7761570158509211	1.6666244642302535	1.8582210072158425	2.4308423346712855
Pingyao_Guangzhou	0.9366936596849904	0.8876622003598571	1.8243558600448475	1.9480789068125142	2.7124153609372064
Pingyao_Jianou	0.8647956969175514	0.8382910417745781	1.7030867386921296	1.9740673178000023	2.545455963633593
Pingyao_Chengdu	0.8342703071433392	0.7839541671924617	1.618224474335801	2.2270592832093628	2.641923599421961
Pingyao_Kunming	0.7645834400857439	0.8281405724693283	1.5927240125550721	2.1167493857374513	2.446572099615854
Pingyao_Hangzhou	0.8322689882906992	0.8177063127630373	1.6499753010537366	1.851019998237096	2.3582528540016767
Pingyao_Taoyuan	0.8630266925909618	0.8682417311438981	1.73126842373486	2.213531352507464	2.778578373244813
Pingyao_Meixian	0.900071300732254	0.8473998344625908	1.7474711351948449	2.158654678602522	2.7903429588641284
Pingyao_Shexian	0.8627111353026758	0.922094626459442	1.7848057617621178	1.9043101484900262	2.5649641966316796
Pingyao_Wuhan	0.8412946127569834	0.6915146739679922	1.5328092867249756	2.220055192167422	2.5592351471616137
Pingyao_Shantou	0.8848679649586464	0.7824411696072607	1.6673091345659072	1.9396432502337024	2.4987693451873314
Pingyao_Jinan	0.7508928011320449	0.8983265891185113	1.6492193902505563	2.1434272730740696	2.50781069821992
Pingyao_Haikou	0.9400307362391929	0.6824677032890056	1.6224984395281985	1.9687066933921704	2.5331125057174746
Pingyao_Wenzhou	0.893120295530721	0.8808799565649156	1.7740002520956366	1.9001015243498813	2.5778991915306553
Pingyao_Xiangtan	0.8840392800041376	0.7924223990860189	1.6764616790901563	2.047792759535535	2.602751635823499
Pingyao_Fuzhou	0.8556606976228839	0.7216514438100531	1.577312141432937	1.9039701695599873	2.3508038873489125
Pingyao_Suzhou	0.8820448579494135	0.7156768880592693	1.5977217460086828	2.0031769854564887	2.482568847643772
Pingyao_Xining	0.7976379769170905	0.8091592938384242	1.6067972707555147	2.366268405815079	2.6965848378955926
Pingyao_Xian	0.7838488195778427	0.7680335564551569	1.5518823760329996	2.160498485374287	2.4615377439155086
Pingyao_Guiyang	0.8709787356066859	0.89660247793195	1.767581213538636	2.163203249201666	2.780706508781892
Pingyao_Zhengzhou	0.7743589248309087	0.7442927411059181	1.5186516659368268	2.0835313223855043	2.3576938157598786
Pingyao_Yinchuan	0.6787224084381007	0.6264895844934087	1.3052119929315094	3.1159258893138992	2.741338308603169
Pingyao_Changsha	0.8224676314204126	0.6425388164489142	1.4650064478693268	2.1334809228344063	2.3972578177331645
Pingyao_Qingdao	0.8192427890983579	0.8810786810818554	1.7003214701802132	2.5020653064338343	2.930877641230947
Pingyao_Xianggang	0.9114445039128439	0.8938088330013066	1.8052533369141506	1.9850239252476987	2.7030479798038214
Guangzhou_Jianou	0.7900008358640942	0.6798632182087876	1.4698640540728818	1.8274164022908548	2.123523703490319
Guangzhou_Chengdu	0.7737575502846171	0.7737623298097976	1.5475198800944148	2.008083884661647	2.3275323971716113
Guangzhou_Kunming	0.9049102734416848	0.7790849871332948	1.6839952605749797	1.9322431102391837	2.527591628375646
Guangzhou_Hangzhou	0.9121014460077674	0.7109713562903118	1.6230728022980792	1.7308335041788994	2.289667098250577
Guangzhou_Taoyuan	0.8759247366912486	0.9005985925997853	1.7765233292910338	2.011154846094564	2.662218871610495
Guangzhou_Meixian	0.6810703283312648	0.8945028501008092	1.575573178432074	1.9698524805185187	2.236110925771713
Guangzhou_Shexian	0.8715828150405174	0.7768503806439896	1.648433195684507	1.7722942026012989	2.321551550827219
Guangzhou_Wuhan	0.7799386535102797	0.8305386953733117	1.6104773488835913	2.0031857057035007	2.3929006574107397
Guangzhou_Shantou	0.7560211123441285	0.9301156494079982	1.6861367617521266	1.8058849193049995	2.2954027748664507
Guangzhou_Jinan	0.903204011743873	0.8157363651906402	1.7189403769345133	1.9512100432547212	2.57807710401324
Guangzhou_Haikou	0.7503771185927076	0.8069695578476515	1.5573466764403592	1.8281948497617702	2.1788051414379166
Guangzhou_Wenzhou	0.8205512570123007	0.6994757810539248	1.5200270380662255	1.7713547295596617	2.1529631310087893
Guangzhou_Xiangtan	0.8744392266782078	0.873950652260739	1.748389878938947	1.881105408169266	2.5188630106804664
Guangzhou_Fuzhou	0.8605655980578125	0.8916843207774461	1.7522499188352585	1.7761711352846463	2.4201960960667015
Guangzhou_Suzhou	0.9039860532237772	0.8381303455344563	1.7421163987582335	1.8454588984311526	2.5063994515139334
Guangzhou_Xining	0.8620535570956859	0.8649162598793751	1.726969816975061	2.1086189960381168	2.6826587659735677
Guangzhou_Xian	0.8365226652567924	0.8840943412142974	1.7206170064710897	1.9612490882022182	2.5247236557096713
Guangzhou_Guiyang	0.7757131532375029	0.6784233679732745	1.4541365212107773	1.9643655378190092	2.202207553425941
Guangzhou_Zhengzhou	0.8315961389760824	0.8346617143479375	1.6662578533240198	1.9071370023364607	2.420629481989358
Guangzhou_Yinchuan	0.8672539912446241	0.8265413457903763	1.6937953370350005	2.5860404945466566	3.069295286206186
Guangzhou_Changsha	0.7845236990837071	0.8798887533861871	1.6644124524698942	1.9404736219050815	2.4022362972175206
Guangzhou_Qingdao	0.8961250190026284	0.8301885744191139	1.7263135934217422	2.20242062721703	2.803832800835756
Guangzhou_Xianggang	0.13575283215546038	0.0858227045188913	0.2215755366743517	1.8418370659506689	0.33585730259059804
Jianou_Chengdu	0.7555982646947159	0.8586657041175356	1.6142639688122515	2.036463682333264	2.397414128602361
Jianou_Kunming	0.8354657052163841	0.8681877014152235	1.7036534066316076	1.9546665563120198	2.501244574347326
Jianou_Hangzhou	0.9036900564883318	0.8641867172067855	1.7678767736951173	1.7408471733903101	2.4373729976654275
Jianou_Taoyuan	0.8804897782073163	0.7766988425067699	1.6571886207140862	2.037815862266914	2.570974879101516
Jianou_Meixian	0.7795594711352983	0.7918953819600294	1.5714548530953278	1.9938509217976508	2.3462207520792333
Jianou_Shexian	0.7705905719019553	0.9194696169449514	1.690060188846907	1.784670799299226	2.294720108833662
Jianou_Wuhan	0.7552067608370879	0.8665592861687164	1.6217660470058042	2.0311883167366562	2.4005264355015434
Jianou_Shantou	0.7762770970094256	0.8580967319509666	1.6343738289603922	1.8195205644379044	2.2705488736617747
Jianou_Jinan	0.7995880843884455	0.8623493781796205	1.661937462568066	1.9750109884613212	2.4415446310895383
Jianou_Haikou	0.8327783517026343	0.8516514867091002	1.6844298384117344	1.843132145501587	2.3865720368100516
Jianou_Wenzhou	0.8555595730929897	0.9036836330929137	1.7592432061859034	1.7834384156822027	2.429521442651617
Jianou_Xiangtan	0.857559425615044	0.6135713169218882	1.471130742536932	1.9001587229402606	2.2430703399439533
Jianou_Fuzhou	0.7082328173049716	0.789544965673088	1.4977777829780594	1.7883402905332995	2.0561062479374783
Jianou_Suzhou	0.899296489259974	0.8499000841545701	1.749196573414544	1.8625148530155662	2.524853152666025
Jianou_Xining	0.7918648950419518	0.8449287004510169	1.6367935954929687	2.1443363456787985	2.542953375756601
Jianou_Xian	0.7244897055981532	0.7705522134169434	1.4950419190150965	1.9860905338273833	2.209454359560823
Jianou_Guiyang	0.7329188939033439	0.7448405838460853	1.4777594777494292	1.9892608283211906	2.2028074298245017
Jianou_Zhengzhou	0.7055337871323598	0.6894086571798129	1.3949424443121727	1.927961987650829	2.0496509797743343
Jianou_Yinchuan	0.7914968582550157	0.8262238851927629	1.6177207434477787	2.668988497549467	2.9387198957219405
Jianou_Changsha	0.7528605047107961	0.5617693686168598	1.314629873327656	1.964020184415007	2.0404025959177328
Jianou_Qingdao	0.795908190016193	0.8019902815042249	1.5978984715204179	2.2457962133876777	2.5894378808468312
Jianou_Xianggang	0.7824334600348669	0.6943010648512138	1.4767345248860808	1.8574407325343314	2.1476248440177486
Chengdu_Kunming	0.7575449648944349	0.2773003723849185	1.0348453372793534	2.1759173874843394	1.9256556332999328
Chengdu_Hangzhou	0.8045475901965539	0.7235053651387104	1.5280529553352644	1.9179015738217204	2.2665484545911534
Chengdu_Taoyuan	0.8423921623227516	0.9315990712362621	1.7739912335590136	2.266961636152642	2.841269785817609
Chengdu_Meixian	0.6698466106328255	0.7834639033674974	1.4533105140003229	2.214096015620183	2.2665686150463205
Chengdu_Shexian	0.714942202667204	0.8682290961454104	1.5831712988126143	1.9695610155270327	2.2763513868737624
Chengdu_Wuhan	0.24711860342200642	0.7471474870273662	0.9942660904493726	2.277293046773441	1.309908964328665
Chengdu_Shantou	0.7456982426846204	0.816269990475352	1.5619682331599725	2.0004208756692985	2.307980322091577
Chengdu_Jinan	0.7105776639806561	0.8107518322802053	1.5213294962608614	2.20199904272962	2.37544316815066
Chengdu_Haikou	0.8089953968026977	0.7157259991877627	1.5247213959904604	2.0287904929008422	2.3570081690216202
Chengdu_Wenzhou	0.758597104213903	0.7081934613582008	1.4667905655721039	1.9641169561656027	2.1981668966428525
Chengdu_Xiangtan	0.5174048468901802	0.9058457280872345	1.4232505749774147	2.109008365904132	1.997056878737971
Chengdu_Fuzhou	0.8272295708926366	0.7949472895554855	1.6221768604481221	1.966824676060724	2.421962822354247
Chengdu_Suzhou	0.7859761423137486	0.7698275132965997	1.5558036556103483	2.066704012604584	2.394207560427896
Chengdu_Xining	0.7110404393339745	0.7514103322809575	1.462450771614932	2.4175250439713634	2.470368401647242
Chengdu_Xian	0.5610684952943997	0.7949274959489034	1.355995991243303	2.2193911907646005	2.040157971820844
Chengdu_Guiyang	0.23152677916049885	0.6250502845208765	0.8565770636813754	2.2216006836509585	1.1394103353873453
Chengdu_Zhengzhou	0.5052878441239731	0.7642397013707746	1.2695275454947477	2.143929291504609	1.8475411110293756
Chengdu_Yinchuan	0.6150411937825758	0.48315571628299425	1.0981969100655702	3.1262407790058346	2.4059225770545125
Chengdu_Changsha	0.3710166019224576	0.904249293260326	1.2752658951827835	2.1936528724592534	1.7181309277975965
Chengdu_Qingdao	0.7260494135848693	0.8433081779900695	1.569357591574939	2.547550226605202	2.692955526094777
Chengdu_Xianggang	0.7991957004973266	0.6997588521981221	1.4989545526954486	2.044141836795283	2.33342821937162
Kunming_Hangzhou	0.8154950496207818	0.8135370232533168	1.6290320728740986	1.8443247588377072	2.317574733978509
Kunming_Taoyuan	0.8534154070318006	0.9113954483594833	1.7648108553912838	2.167466496075081	2.7611447503351894
Kunming_Meixian	0.8507936470012427	0.7818164766870412	1.632610123688284	2.119021781527614	2.5846667462679904
Kunming_Shexian	0.7992420543744583	0.8500262977696244	1.6492683521440825	1.8921279045250998	2.362294491321504
Kunming_Wuhan	0.7867003964979841	0.7704232774813998	1.557123673979384	2.169871813858091	2.47746229379336
Kunming_Shantou	0.862604948525098	0.7806971687227237	1.6433021172478215	1.9245312081848918	2.440807312493997
Kunming_Jinan	0.6956157431227292	0.7848118022676415	1.4804275453903708	2.1039063831646025	2.24832220445334
Kunming_Haikou	0.9034237984522461	0.8308817665237334	1.7343055649759793	1.9505860840727707	2.5930876558048483
Kunming_Wenzhou	0.843799588428667	0.7459350479624364	1.5897346363911034	1.8885899554310979	2.3395264750657114
Kunming_Xiangtan	0.8253977729054677	0.8837717810137801	1.7091695539192477	2.0198222853947945	2.5509285970434754
Kunming_Fuzhou	0.8781812532276042	0.7175370759421749	1.5957183291697792	1.8922473649862184	2.379273238342404
Kunming_Suzhou	0.857126283998063	0.7592697597909435	1.6163960437890066	1.9799226739682132	2.4563135239328266
Kunming_Xining	0.7376456268884676	0.6624272352285199	1.4000728621169873	2.2965455795035923	2.3564640388993863
Kunming_Xian	0.690889029236625	0.7865088656953937	1.4773978949320186	2.118276605762687	2.2500029335054292
Kunming_Guiyang	0.7318844990628842	0.5269324970403733	1.2588169961032576	2.120915439701083	2.0791976311807376
Kunming_Zhengzhou	0.6989077560558022	0.6628778294785223	1.3617855855343244	2.0512684526243685	2.096525260770277
Kunming_Yinchuan	0.6854462758333767	0.7104147150620783	1.395860990895455	2.911323121486816	2.7059703064328176
Kunming_Changsha	0.6283972522742722	0.899807967269214	1.5282052195434863	2.094397821229757	2.215921803299216
Kunming_Qingdao	0.7212051583869796	0.8305863369206972	1.5517914953076768	2.412232418449158	2.570300800334529
Kunming_Xianggang	0.9206638294376477	0.7147189741250123	1.6353828035626599	1.9653658251805735	2.5241602009816413
Hangzhou_Taoyuan	0.8309970835124795	0.9151992830415897	1.7461963665540692	1.9269720022816068	2.516507396947808
Hangzhou_Meixian	0.8580900325843192	0.9098155799813473	1.7679056125656665	1.8853003380789393	2.5275730085147323
Hangzhou_Shexian	0.8469435507283921	0.8921958380533681	1.7391393887817603	1.6845316899721692	2.3188990888728958
Hangzhou_Wuhan	0.8454601562204498	0.6660070899152819	1.5114672461357317	1.913066979666143	2.283428997404003
Hangzhou_Shantou	0.8654305555948253	0.7679026719416459	1.6333332275364711	1.7225470388172728	2.2586475127834995
Hangzhou_Jinan	0.8306016638802124	0.8895792321426707	1.720180896022883	1.862925788640738	2.4369284918730245
Hangzhou_Haikou	0.9010635828596016	0.7175365257068385	1.61860010856644	1.7447725145100763	2.289687498906244
Hangzhou_Wenzhou	0.801067396325411	0.778129248554049	1.57919664487946	1.6852530937034913	2.1281305564764486
Hangzhou_Xiangtan	0.8173920465108806	0.7273290452883164	1.5447210917991971	1.7932996776573358	2.193157938815949
Hangzhou_Fuzhou	0.8429312399748894	0.9507329433015389	1.7936641832764284	1.6913821710848453	2.376451814045508
Hangzhou_Suzhou	0.5656489963119181	0.6820571468369486	1.2477061431488667	1.7563672531490546	1.675544520735832
Hangzhou_Xining	0.8683337740531849	0.7439630675843405	1.6122968416375254	2.0192471909438554	2.4973436016429105
Hangzhou_Xian	0.8658050405112017	0.8185435087549454	1.6843485492661472	1.8717173584757263	2.439085832135541
Hangzhou_Guiyang	0.7710665435591645	0.8396782367541697	1.6107447803133343	1.875405863150167	2.2857409534239608
Hangzhou_Zhengzhou	0.8704787649607336	0.7957751537453613	1.666253918706095	1.8189647915795215	2.3791453790265615
Hangzhou_Yinchuan	0.8561658030282973	0.741312443620058	1.5974782466483552	2.497253641646611	2.8793756130857684
Hangzhou_Changsha	0.7670771445341369	0.7080621040795287	1.4751392486136656	1.8504154063006648	2.1274734701466174
Hangzhou_Qingdao	0.8468403223342279	0.8039460628587488	1.6507863851929767	2.1131848367688675	2.5934761911798994
Hangzhou_Xianggang	0.9358486222230677	0.7143607445428681	1.6502093667659359	1.7591019436462354	2.360613874854118
Taoyuan_Meixian	0.4864611742499728	0.5351372598825603	1.021598434132533	2.2032193407755356	1.6069179275264784
Taoyuan_Shexian	0.8391305214087211	0.8751323973862835	1.7142629187950047	1.975331699573722	2.5326935164047564
Taoyuan_Wuhan	0.8771248088394217	0.8817353405241956	1.7588601493636173	2.2607255290611303	2.86467378804034
Taoyuan_Shantou	0.8279825367361142	0.8122525884213438	1.640235125157458	2.003996795214254	2.471526938533885
Taoyuan_Jinan	0.8907506322720136	0.9212885704516256	1.8120392027236392	2.1915674769490305	2.8734286862107563
Taoyuan_Haikou	0.8312005967967361	0.8653630970742421	1.6965636938709783	2.03058298177071	2.553184883367352
Taoyuan_Wenzhou	0.8884673749650336	0.9134192200228368	1.8018865949878704	1.9701219805300265	2.663808324425262
Taoyuan_Xiangtan	0.8634228582268088	0.7398339801671503	1.6032568383939592	2.105386549708908	2.5576728525890946
Taoyuan_Fuzhou	0.8044916522384505	0.8228893440034832	1.6273809962419339	1.9725705440619514	2.4098058801527817
Taoyuan_Suzhou	0.8658960129087797	0.9136766533682856	1.7795726662770655	2.0660125233372266	2.7026286599455975
Taoyuan_Xining	0.9091008443189907	0.8291590096641973	1.738259853983188	2.3893421124628507	3.0013119414710956
Taoyuan_Xian	0.8533381739657004	0.6985529916654181	1.5518911656311185	2.207481196801181	2.582280965207357
Taoyuan_Guiyang	0.8348552043451192	0.8826170216864297	1.717472226031549	2.209595472605258	2.7273093014883427
Taoyuan_Zhengzhou	0.8624622603409949	0.8184356067133168	1.6808978670543118	2.137793770850466	2.6622020544639087
Taoyuan_Yinchuan	0.8518888523531086	0.9441829780002587	1.7960718303533674	3.0194711808191244	3.5164368169415483
Taoyuan_Changsha	0.8104632285073805	0.7016551017370948	1.5121183302444754	2.1836548796955295	2.471427085481029
Taoyuan_Qingdao	0.8635924163383178	0.8643629509594694	1.7279553672977872	2.5075184342712022	3.0298368546246124
Taoyuan_Xianggang	0.8540877239531199	0.8969655013403923	1.7510532252935123	2.044946836361025	2.6435294904131132
Meixian_Shexian	0.7627381609455288	0.855682762880649	1.6184209238261777	1.932500262788952	2.3296744593470455
Meixian_Wuhan	0.7127672141326439	0.7466648330252007	1.4594320471578446	2.208102953560196	2.320528223752364
Meixian_Shantou	0.6795382758876701	0.5810487393431027	1.2605870152307728	1.962538487884408	1.9146687597632686
Meixian_Jinan	0.8504682017648452	0.8361070472913696	1.6865752490562147	2.142181464184516	2.6579642649903583
Meixian_Haikou	0.7087411291342042	0.8854046706641301	1.5941457997983344	1.9883767164059896	2.2946490297938724
Meixian_Wenzhou	0.8306397633980069	0.8367623353875442	1.6674020987855511	1.928225130922512	2.4384228019151104
Meixian_Xiangtan	0.7771516315050689	0.8067448005167578	1.5838964320218267	2.0588627479894144	2.406793344161741
Meixian_Fuzhou	0.8037183254504168	0.6237127534083895	1.4274310788588063	1.9312370112585373	2.175883330144969
Meixian_Suzhou	0.8694500373564389	0.816462514261006	1.685912551617445	2.01998298193649	2.572736793365058
Meixian_Xining	0.8533505805618445	0.771244885730729	1.6245954662925737	2.3327259699833895	2.7618779465077465
Meixian_Xian	0.7423808647450514	0.7983100570397867	1.5406909217848381	2.156914968856391	2.3995624568009397
Meixian_Guiyang	0.698652460438848	0.7090658475882973	1.4077183080271451	2.159274646070177	2.217648391828449
Meixian_Zhengzhou	0.7433122091620652	0.8491707426684538	1.592482951830519	2.0901150879893713	2.4027788061247977
Meixian_Yinchuan	0.7806042551578138	0.800939662237904	1.581543917395718	2.935416772246832	3.0923384853153966
Meixian_Changsha	0.667427518245787	0.8114031194667668	1.4788306377125537	2.133558741288738	2.2353989351967143
Meixian_Qingdao	0.8432589900831	0.8227938955634354	1.6660528856465353	2.4465977448693224	2.88590943904153
Meixian_Xianggang	0.6645364169678117	0.8195416404549495	1.4840780574227612	2.002697036932305	2.150406753649997
Shexian_Wuhan	0.7373491007853041	0.9151496495207742	1.6524987503060782	1.964514958367198	2.3636829875521066
Shexian_Shantou	0.8313671562219223	0.640673133650671	1.4720402898725933	1.7641424710054492	2.107323242940786
Shexian_Jinan	0.7625319126572871	0.8392595395250615	1.6017914521823486	1.9115566762929077	2.296882508051499
Shexian_Haikou	0.8770657705422275	0.9572010502706726	1.8342668208129	1.7870443756331373	2.524556502578504
Shexian_Wenzhou	0.8401377448793147	0.7427020184122601	1.5828397632915747	1.7272185027478877	2.193803476224697
Shexian_Xiangtan	0.8386719151033376	0.9161183724682781	1.7547902875716157	1.8393975177502035	2.4587694113161667
Shexian_Fuzhou	0.805271078037744	0.9150457913320822	1.7203168693698263	1.7328506745994252	2.310460322145193
Shexian_Suzhou	0.8523428820892728	0.9616339573710382	1.8139768394603109	1.802008386414428	2.4975629789965517
Shexian_Xining	0.7301286048373937	0.9066288413873598	1.6367574462247534	2.0741829897887416	2.4210491738992674
Shexian_Xian	0.7395876058937157	0.6596481242749651	1.3992357301686809	1.9213705093831288	2.0806699393444226
Shexian_Guiyang	0.6941487814034248	0.6850777700223094	1.3792265514257342	1.924851565504165	2.0212111385995
Shexian_Zhengzhou	0.7609610720062064	0.8249622386673946	1.585923310673601	1.8660850090921757	2.244980287640888
Shexian_Yinchuan	0.7296516410476139	0.9084309234178469	1.6380825644654609	2.5751125928416068	2.7873660526671014
Shexian_Changsha	0.720163462430135	0.9165297543739914	1.6366932168041264	1.899646781514536	2.2845859579437615
Shexian_Qingdao	0.7497440478926278	0.8910195079667866	1.6407635558594145	2.171827650655673	2.519334362094507
Shexian_Xianggang	0.8648705112069287	0.7926403221753299	1.6575108333822586	1.8014200608470707	2.3506354110985526
Wuhan_Shantou	0.7963041407889769	0.8265398915226944	1.6228440323116713	1.9955118936385692	2.4155742754207394
Wuhan_Jinan	0.7079118429142829	0.7496239039328383	1.457535746847121	2.1957918498713105	2.3040509590314002
Wuhan_Haikou	0.8318894428125567	0.7994089351196848	1.6312983779322416	2.02375183018094	2.482946717519799
Wuhan_Wenzhou	0.8141123754970521	0.5524081871199502	1.3665205626170023	1.9591962923252406	2.1474141347298685
Wuhan_Xiangtan	0.5857518385597228	0.8296489570152202	1.415400795574943	2.103305760843626	2.061664173482631
Wuhan_Fuzhou	0.8386004564108227	0.832286724744869	1.6708871811556918	1.9619719627205334	2.477597308147546
Wuhan_Suzhou	0.8112906967490825	0.7603279392483278	1.5716186359974103	2.061120552279231	2.4324958681907987
Wuhan_Xining	0.700799709977209	0.8152129558556266	1.5160126658328354	2.410015746583013	2.504151292101509
Wuhan_Xian	0.5351501107073224	0.8746904465036077	1.4098405572109303	2.212999142591477	2.0589771826566463
Wuhan_Guiyang	0.31675014763789766	0.7129437748234057	1.0296939224613033	2.2152397556114196	1.4146212944666632
Wuhan_Zhengzhou	0.45941377696979924	0.8907750021758702	1.3501887791456695	2.1380278590519946	1.8730144561696007
Wuhan_Yinchuan	0.5882466315413406	0.7662760925276525	1.354522724068993	3.1133572923717967	2.5976980325500305
Wuhan_Changsha	0.4149682527941422	0.8186422926496989	1.233610545443841	2.187358813746915	1.7263267578241237
Wuhan_Qingdao	0.7192476407688135	0.9236222271640747	1.6428698679328884	2.539230654914756	2.7499578850793625
Wuhan_Xianggang	0.7968848342042005	0.767599417606663	1.5644842518108635	2.0390793170431087	2.3925108010977754
Shantou_Jinan	0.854668669338831	0.8133659148287625	1.6680345841675934	1.9435248131484675	2.4744356807093633
Shantou_Haikou	0.6318844232731534	0.90220122035221	1.5340856436253634	1.8205806731825707	2.052597789048428
Shantou_Wenzhou	0.84621027783153	0.7688998104995035	1.6151100883310336	1.763350782290951	2.261065365896375
Shantou_Xiangtan	0.8674858591823364	0.7488047084616893	1.6162905676440258	1.8732521288455297	2.373824440918394
Shantou_Fuzhou	0.7625738422036471	0.6737074418203355	1.4362812840239827	1.768298494159434	2.0221656186744186
Shantou_Suzhou	0.8735594910014561	0.8260707697890441	1.6996302607905003	1.8373905579327	2.431140730347615
Shantou_Xining	0.8588577960068966	0.6932943268013423	1.5521521228082389	2.1013638427039707	2.4980670453546576
Shantou_Xian	0.772026229046041	0.7606351239496029	1.5326613529956439	1.9534898273985999	2.2687805088759454
Shantou_Guiyang	0.7647850344317115	0.7195630736464264	1.4843481080781378	1.9566641571496453	2.2159905384434135
Shantou_Zhengzhou	0.788640878147259	0.7544441221427358	1.5430850002899947	1.8993282837533165	2.252332047731878
Shantou_Yinchuan	0.8421598227202437	0.7900388601472702	1.632198682867514	2.580927816531861	2.9635925725714882
Shantou_Changsha	0.7678818573972557	0.7610380197906856	1.5289198771879413	1.9326049602808661	2.2450503063063065
Shantou_Qingdao	0.8428357223284327	0.8577313264412408	1.7005670487696736	2.195520824614824	2.708194706542592
Shantou_Xianggang	0.8017181455012289	0.9302987982465252	1.732016943747754	1.834319928764406	2.400906369791471
Jinan_Haikou	0.9054131310687819	0.9028530267233903	1.8082661577921721	1.9700828774495767	2.686591933260007
Jinan_Wenzhou	0.8692311050686818	0.6415285612723846	1.5107596663410665	1.9075683257036171	2.299646285017755
Jinan_Xiangtan	0.8703069213297445	0.8561236155519769	1.7264305368817214	2.0417864838009336	2.6331045242814515
Jinan_Fuzhou	0.8756889521150792	0.8409055429661864	1.7165944950812655	1.9109898917437025	2.514338278769738
Jinan_Suzhou	0.8281549675402594	0.9275787819585086	1.7557337494987681	2.0013977853442397	2.5850462999154145
Jinan_Xining	0.5004213782472026	0.9025305609275549	1.4029519391747574	2.3253361824123235	2.0661784982184184
Jinan_Xian	0.42789092972783543	0.8146193584860167	1.2425102882138521	2.142836970192374	1.7315198619168095
Jinan_Guiyang	0.7357024300916167	0.7162110092028084	1.451913439294425	2.145371886297325	2.294566319401986
Jinan_Zhengzhou	0.5507471964104347	0.6543362532600794	1.205083449670514	2.0739875616576544	1.796579088233146
Jinan_Yinchuan	0.36710634478473875	0.8457366043925395	1.2128429491772783	2.9597006769359955	1.9322615015594296
Jinan_Changsha	0.6751789900583245	0.9272764819208078	1.6024554719791322	2.1185713510569837	2.357691347093962
Jinan_Qingdao	0.28531847812736916	0.4325210125583818	0.717839490685751	2.4440559161406807	1.129855327009834
Jinan_Xianggang	0.8755404708456346	0.8237446859714292	1.699285156817064	1.9849707907100618	2.5616669466845483
Haikou_Wenzhou	0.8731104357993865	0.764598432069552	1.6377088678689384	1.7858111463113797	2.3238087802808827
Haikou_Xiangtan	0.8888509322560344	0.8885025314081767	1.7773534636642112	1.898238364229417	2.5757534710976637
Haikou_Fuzhou	0.8494296789508997	0.8889158350456549	1.7383455139965545	1.7905084197055445	2.4098268271550185
Haikou_Suzhou	0.9058163569956662	0.681737647920663	1.5875540049163293	1.862026793605935	2.3683919747331124
Haikou_Xining	0.9095880087079766	0.8093068632429824	1.7188948719509591	2.1318265085982966	2.748390692109785
Haikou_Xian	0.8315754950401787	0.9454273705473293	1.7770028655875079	1.9806305432392852	2.592471195033236
Haikou_Guiyang	0.8109964160836388	0.9068626828256099	1.7178590989092486	1.983702043749714	2.5156379308844175
Haikou_Zhengzhou	0.8337713620028494	0.8241421875563582	1.6579135495592077	1.9249409123512309	2.4291027938224516
Haikou_Yinchuan	0.8858761927950023	0.8615818257792971	1.7474580185742994	2.6256522013740846	3.187584601536388
Haikou_Changsha	0.812863601956746	0.874475290578423	1.6873388925351689	1.9594551393794142	2.4672450530470313
Haikou_Qingdao	0.8925307921628433	0.7694324141432519	1.6619632063060952	2.2283080773493107	2.7582659876026945
Haikou_Xianggang	0.8109968254417141	0.8155140932234496	1.6265109186651636	1.8571669545586873	2.321670597685801
Wenzhou_Xiangtan	0.806783615272663	0.8208070468745441	1.627590662147207	1.8370077520620154	2.3028748023670444
Wenzhou_Fuzhou	0.8983437237531033	0.8964057280180486	1.794749451771152	1.7326451074030675	2.452916585745116
Wenzhou_Suzhou	0.7204630031977832	0.902766181781477	1.6232291849792602	1.8003785170516011	2.199872295069245
Wenzhou_Xining	0.8444030000637498	0.9257064168915635	1.7701094169553133	2.0661765623090544	2.6703921047667345
Wenzhou_Xian	0.818184868189498	0.8959438611792944	1.7141287293687923	1.9170996750604854	2.464485806124787
Wenzhou_Guiyang	0.7953355657622572	0.8300221587492257	1.625357724511483	1.9205282852677978	2.3574866090751074
Wenzhou_Zhengzhou	0.8535470324551111	0.8716387763936208	1.7251858088487317	1.8631097345655936	2.461890561470313
Wenzhou_Yinchuan	0.8401281889053519	0.8723620521147996	1.7124902410201515	2.5508822883368887	3.0154301691260095
Wenzhou_Changsha	0.7598826879916224	0.7993506785727076	1.5592333665643299	1.8958508357686519	2.2399749076877544
Wenzhou_Qingdao	0.8657720136603723	0.771583788126991	1.6373558017873633	2.16118894757595	2.6426806951703616
Wenzhou_Xianggang	0.8566483027358641	0.7032576728572868	1.5599059755931508	1.7999188960503527	2.2451551402210317
Xiangtan_Fuzhou	0.8783168516498806	0.8175985478267641	1.6959153994766447	1.8413206945582836	2.4348615431489673
Xiangtan_Suzhou	0.8105935962045063	0.773478792898412	1.5840723891029183	1.9227422057868244	2.332041312061339
Xiangtan_Xining	0.8763096039588252	0.7659403659864461	1.6422499699452713	2.22412108294839	2.714959031341423
Xiangtan_Xian	0.7955473691866781	0.6582350318034661	1.453782400990144	2.0546060603969174	2.292771477867239
Xiangtan_Guiyang	0.5960086454605251	0.8153171140096646	1.4113257594701896	2.057529045596422	2.041622213471275
Xiangtan_Zhengzhou	0.7167153610847937	0.6735408370943496	1.3902561981791433	1.9915981046848028	2.1009497918293087
Xiangtan_Yinchuan	0.7849339662471503	0.8150739607583446	1.6000079270054948	2.799092229987431	3.012176526733959
Xiangtan_Changsha	0.5250065261059825	0.24829494655369608	0.7733014726596786	2.0314699542458916	1.314829930121011
Xiangtan_Qingdao	0.8830765495392103	0.8641136776867092	1.7471902272259197	2.33357072700251	2.9248352633937924
Xiangtan_Xianggang	0.8739372088328432	0.8756493532175367	1.7495865620503799	1.912873651852405	2.5473808133673153
Fuzhou_Suzhou	0.8791665094654291	0.7987078525852223	1.6778743620506513	1.8052141550770524	2.385791680141898
Fuzhou_Xining	0.8672077480087554	0.7265134783081643	1.5937212263169198	2.0673590815422185	2.5193432917378407
Fuzhou_Xian	0.8388686349831173	0.9186723108143817	1.757540945797499	1.9204400666829953	2.5296692481196326
Fuzhou_Guiyang	0.8308462820088568	0.7409636529243523	1.571809934933209	1.923801012286991	2.339346571307874
Fuzhou_Zhengzhou	0.8233353542932211	0.6925768394207714	1.5159121937139926	1.8671084228685664	2.22983321426712
Fuzhou_Yinchuan	0.8345229204047495	0.45500595905635	1.2895288794610995	2.5428064542541	2.5770362272845277
Fuzhou_Changsha	0.8068098001060656	0.8115597996475531	1.6183695997536187	1.899499291778044	2.34409444354861
Fuzhou_Qingdao	0.8625468524177555	0.8496482681715294	1.712195120589285	2.16085490210216	2.7134868625112247
Fuzhou_Xianggang	0.8466596293153912	0.8148663103227369	1.6615259396381281	1.804416323641563	2.3425927660277432
Suzhou_Xining	0.8789159214394877	0.6215942140003239	1.5005101354398116	2.180357422947924	2.5379450674580255
Suzhou_Xian	0.8745987672631172	0.8860719770473094	1.7606707443104268	2.0134409620678206	2.6470249604288902
Suzhou_Guiyang	0.847787847604621	0.731317647671313	1.579105495275934	2.0165903863449115	2.4409584708108367
Suzhou_Zhengzhou	0.8518565004418622	0.8541774054873982	1.7060339059292604	1.9519823664011753	2.5169862730541284
Suzhou_Yinchuan	0.8528779418555863	0.77740538987953	1.6302833317351162	2.743864382012421	3.1175867967411337
Suzhou_Changsha	0.7462285574453834	0.6616501992318198	1.4078787566772033	1.9904009644300964	2.1469442396563903
Suzhou_Qingdao	0.8281735187130597	0.8258713337509875	1.6540448524640472	2.2879804258607632	2.720716133782701
Suzhou_Xianggang	0.9279127047816071	0.760714373147078	1.6886270779286852	1.8767849471296243	2.5022069697315334
Xining_Xian	0.5351163347928267	0.6395507543439091	1.1746670891367357	2.3461183507968077	1.894997007212488
Xining_Guiyang	0.7268475601895005	0.6095923538404835	1.336439914029984	2.347630269039898	2.315961687119154
Xining_Zhengzhou	0.6799188196149137	0.7570421738139144	1.436960993428828	2.262343167082247	2.2952518695403414
Xining_Yinchuan	0.588297041065618	0.7183606611986026	1.3066577022642205	3.3570447816923505	2.693300172992986
Xining_Changsha	0.7188120542693492	0.7583890903111553	1.4772011445805044	2.3189973353969036	2.4253123288129506
Xining_Qingdao	0.5254723270344953	0.717807237898807	1.2432795649333022	2.7050395557492095	2.139230667978701
Xining_Xianggang	0.8552658093066212	0.7859054182464777	1.641171227553099	2.147326800499334	2.622440612121338
Xian_Guiyang	0.5982082473564179	0.6533345704184024	1.2515428177748202	2.1609961962841844	1.94606031754145
Xian_Zhengzhou	0.4005154752637642	0.8212408317302619	1.221756306994026	2.0876522836738993	1.6573778783113964
Xian_Yinchuan	0.606202537488021	0.8430185088856974	1.4492210463737183	3.004750021447234	2.6645055964041964
Xian_Changsha	0.595027175740047	0.5602555799807517	1.1552827557207987	2.1336913481992403	1.8298599168007188
Xian_Qingdao	0.5634113670575922	0.8641185147382235	1.4275298817958157	2.4685401349529186	2.2549220868085804
Xian_Xianggang	0.808402401278406	0.890874833623374	1.6992772349017802	1.9957494802452633	2.5042435058037755
Guiyang_Zhengzhou	0.5420114916488087	0.7451312054728639	1.2871426971216726	2.09043974639335	1.8781735706174811
Guiyang_Yinchuan	0.644100826804545	0.7664937581042087	1.4105945849087536	3.0014434694648293	2.6997259783936074
Guiyang_Changsha	0.4645716895350676	0.8375223446799196	1.3020940342149872	2.1363233981508722	1.8299977151521674
Guiyang_Qingdao	0.7457217175674973	0.809936282886329	1.5556580004538263	2.4693309245680988	2.6513699811977878
Guiyang_Xianggang	0.7983210420530891	0.611033843177885	1.409354885230974	1.9987350023314343	2.206666053027099
Zhengzhou_Yinchuan	0.47279362626624793	0.6904892477003245	1.1632828739665724	2.860839191627037	2.0430757832742725
Zhengzhou_Changsha	0.5058505044508246	0.6774022326924756	1.1832527371433001	2.0640481850937964	1.7215020483329815
Zhengzhou_Qingdao	0.6003870811777908	0.64260318462866	1.242990265806451	2.3754818058018174	2.0688117724049606
Zhengzhou_Xianggang	0.7998387242157601	0.8323194494893814	1.6321581737051414	1.9396995454878991	2.3837662593143123
Yinchuan_Changsha	0.5726504099740585	0.801601890579514	1.3742523005535725	2.967008643481368	2.5006606066656945
Yinchuan_Qingdao	0.44314497054678476	0.8711965550447274	1.314341525591512	3.6034997337340218	2.468069338415637
Yinchuan_Xianggang	0.8311807478718017	0.7497233353356674	1.5809040832074692	2.6427831192296702	2.9463537848399577
Changsha_Qingdao	0.7251883656999502	0.8872885796739808	1.612476945373931	2.439769665414405	2.6565811560201675
Changsha_Xianggang	0.804776359917134	0.8802581504138458	1.6850345103309798	1.974606497582044	2.4693747798066443
Qingdao_Xianggang	0.8775866427230561	0.8390607898660671	1.7166474325891232	2.244071115781319	2.8084276263963774
